Altaba Inc,AABA
American Airlines Gp,AAL
Atlantic Amer Cp,AAME
Applied Optoelect,AAOI
Aaon Inc,AAON
Apple Inc,AAPL
Atlas Air Ww,AAWW
Ishares Aca X-Japan ETF,AAXJ
Axon Inc,AAXN
Aoxin Tianli Grp,ABAC
Abaxis Inc,ABAX
Ameris Bancorp,ABCB
Cambium Learning Grp,ABCD
Alcentra Capital Com,ABDC
Abeona Therapeutics,ABEO
Abeona Thera Wts,ABEOW
Ability Inc,ABIL
Arca Biopharma Inc,ABIO
Ablynx Nv,ABLX
Abiomed Inc,ABMD
Allegiance Banc CS,ABTX
Arbutus Biopharma Cp,ABUS
Acadia Pharmaceutica,ACAD
Atlantic Capital,ACBI
Acer Therapeutics Inc,ACER
Aceto Cp,ACET
Atlantic Coast Finl,ACFC
Arch Capital Grp Ltd,ACGL
Arch Capital Group Ltd ADR,ACGLO
Arch Capital Group Ltd,ACGLP
Acadia Healthcr Co,ACHC
Achillion Pharmaceut,ACHN
Achieve Life Sciences Inc,ACHV
Acacia Communica,ACIA
AC Immune S.A.,ACIU
Aci Worldwide Inc,ACIW
Axcelis Tech Inc,ACLS
Acm Research Inc,ACMR
Acnb Corp,ACNB
Acorda Therapeutics,ACOR
Aclaris Therapts,ACRS
Acelrx Pharmaceutica,ACRX
American Capital Sen,ACSF
Acasti Pharma,ACST
Advisorshares Vice ETF,ACT
Acacia Res-Acacia,ACTG
Ishares ACWI ETF,ACWI
Ishares ACWI Ex-US ETF,ACWX
Acxiom Cp,ACXM
Adaptimmune Ther Ads,ADAP
Adobe Systems Inc,ADBE
Advanced Emissions Solutions Inc,ADES
Analog Devices,ADI
Adma Biologics,ADMA
Adamis Pharmaceuticl,ADMP
Adamas Pharma,ADMS
Adomani Inc,ADOM
Automatic Data Procs,ADP
Bldrs Asia 50 Fd,ADRA
Bldrs Dev Mkts 100,ADRD
Bldrs EM Mkts 50,ADRE
Aduro Biotech,ADRO
Bldrs EUR 100 Fd,ADRU
Autodesk Inc,ADSK
Adtran Inc,ADTN
Addus Homecare Corpo,ADUS
Adverum Biotechnlgs,ADVM
Advaxis Inc,ADXS
Advaxis Inc Wts,ADXSW
Aegion Corp,AEGN
Aehr Test Systems,AEHR
Advanced Energy,AEIS
Aethlon Medical,AEMD
Aerie Pharmaceutical,AERI
American Electric Te,AETI
Addvantage Techs Grp,AEY
Aeterna Zentaris,AEZS
Atlas Fincl Hld Ord,AFH
Atlas Financial Holdings Inc 6.625% Senior Uns,AFHBL
Affimed N.V.,AFMD
Amtrust Financial,AFSI
Agenus Inc,AGEN
Agrofresh Solutions,AGFS
Agrofresh Sol Wrrnts,AGFSW
Argo Group Intl Hlds,AGII
Argo Grp Itl Snr NTS,AGIIL
Agios Pharmaceutical,AGIO
Aeglea Biothera,AGLE
American Capital Age,AGNC
American Cap Agy Cor,AGNCB
Agnc Investment Corp,AGNCN
Wisdomtree Neg Duration US Agg Bond Fund,AGND
Agile Therap,AGRX
Applied Genetic Tech,AGTC
Agilysys Inc,AGYS
Wisdomtree Int Rate US Agg Bond Fund,AGZD
Alliance Holdings Gp,AHGP
Allied Healthcare,AHPI
Ishares Asia 50 ETF,AIA
Senmiao Technology Limited,AIHS
Altra Indtl Mtn,AIMC
Aimmune Therap,AIMT
Apollo Investment Co,AINV
Precision Therapeutics Inc.,AIPT
Airgain Inc,AIRG
Rba American Industrial Renaissance ETF FT,AIRR
Akamai Technologies,AKAM
Achaogen Inc,AKAO
Akebia Therapeutics,AKBA
Akcea Therapeutics Inc,AKCA
Akers Biosciences,AKER
Akorn Inc,AKRX
Akoustis Technologies Inc,AKTS
Akari Therapeutics,AKTX
Albireo Pharma Inc,ALBO
Alico Inc,ALCO
Alder Biopharma,ALDR
Aldeyra Therapeu,ALDX
Align Technology I,ALGN
Allegiant Travel Com,ALGT
Alimera Sciences Inc,ALIM
Alj Regional Hold,ALJJ
Alkermes Plc,ALKS
Allot Communications,ALLT
Allena Pharmaceuticals Inc,ALNA
Alnylam Pharmaceut,ALNY
Analogic Cp,ALOG
Astronova Inc,ALOT
Alpine Immune Sciences Inc,ALPN
Alliqua Biomedical,ALQA
Alarm.Com,ALRM
Aileron Therapeutics Inc,ALRN
Alaska Commun Sys,ALSK
Altimmune Inc,ALT
Altair Engineering Inc Class A,ALTR
G-X Super Dividend Alternatives ETF,ALTY
Alexion Pharm Inc,ALXN
Amag Pharmaceuticals,AMAG
Applied Materials,AMAT
Ambarella Inc,AMBA
Ambac Financial Grp,AMBC
Ambac Financial Grp,AMBCW
Ishares Russell 1000 Pure U.S. Revenue ETF,AMCA
Airmedia Group Inc,AMCN
Amc Networks Cl A,AMCX
Adv Micro Devices,AMD
Amedica Corp,AMDA
Amedisys Inc,AMED
Apollo Medical Holdings Inc,AMEH
Amgen,AMGN
Amkor Technology,AMKR
Alliance Mma Inc,AMMA
American Natl Bksh,AMNB
Allied Motion Tech,AMOT
Amphastar Pharma,AMPH
Alta Mesa Resources Inc.,AMR
American River Bkshs,AMRB
Ameri Holdings Inc,AMRH
A-Mark Precious Meta,AMRK
Amarin Corp Ads,AMRN
Amyris Inc,AMRS
Alta Mesa Resources Inc. Wt.,AMRWW
Amer Superconductor,AMSC
Amerisafe Inc,AMSF
Amer Software Inc,AMSWA
TD Ameritrade HD,AMTD
Aemetis Inc,AMTX
Amer Woodmark Cp,AMWD
Amazon.Com Inc,AMZN
Anaptysbio Inc,ANAB
Amer Natl Insurance,ANAT
Access National Corp,ANCX
Andersons Inc,ANDE
Homeservices Inc,ANGI
Angiodynamics Inc,ANGO
Anika Therapeutics,ANIK
ANI Pharma Inc,ANIP
Ansys Inc,ANSS
Anthera Pharmaceutic,ANTH
Sphere 3D Corp,ANY
American Outdoor Brands Corp,AOBC
Alpha and Omega Semi,AOSL
Applied Dna Scns,APDN
Applied Dna Sci Wrnt,APDNW
American Pub. Edu.,APEI
Apollo Endosurgery Inc,APEN
Archrock Partners LP,APLP
Apellis Pharmaceuticals Inc,APLS
Apogee Entrpr Inc,APOG
Cellect Biotechnology Ltd,APOP
Appfolio Cl A,APPF
Appian Corporation Class A,APPN
Digital Turbine,APPS
Apricus Biosc Inc,APRI
Apptio Inc,APTI
Aptose Bioscns,APTO
Aptevo Therapeutics Inc,APVO
Asia Pacific Wire & Cable,APWC
Aquabounty Technologies Inc,AQB
Aqua Metals Inc,AQMS
Aquinox Pharmaceutic,AQXP
Accuray Incorporated,ARAY
Arcbest Corp,ARCB
Ares Capital Corp,ARCC
Applnc Rcycl Ct Amer,ARCI
Arcturus Therapeutics Ltd,ARCT
Arc Group Worldwide,ARCW
Aradigm Corp,ARDM
Ardelyx Inc,ARDX
Approach Res. Inc,AREX
Argos Therapeutics,ARGS
Argenx Se Ads,ARGX
American Railcar Ind,ARII
Ark Restaurants Cp,ARKR
Alliance Resource Pt,ARLP
Aralez Pharm Inc,ARLZ
Armo Biosciences Inc.,ARMO
Arena Pharmaceutical,ARNA
Arrow Financial Corp,AROW
Arqule Inc,ARQL
Arris Group Inc,ARRS
Array Biopharma Inc,ARRY
Artesian Res Cp A,ARTNA
Art S Way MFG Co I,ARTW
Arotech Corp,ARTX
Arrowhead Pharma,ARWR
Ascent Capital Group,ASCMA
Flexshares Real Assets Allocation Index Fund,ASET
Asta Funding Inc,ASFI
Assembly Biosciences,ASMB
Asml Hldg NY Reg,ASML
Ascena Retail Grp,ASNA
Ascendis Pharma Ads,ASND
Arsanis Inc,ASNS
Altisource Portfolio,ASPS
Aspen Group Inc,ASPU
Ameriserv Financial,ASRV
Astrotech Corp,ASTC
Astec Inds Inc,ASTE
Asure Software,ASUR
Asv Holdings Inc,ASV
Amtech Systems Inc,ASYS
Atlantic Acquisition Corp,ATAC
Atlantic Acquisition Corp Right,ATACR
Ata Inc ADR,ATAI
Amer First Mf Inv,ATAX
Alphatec Holdings,ATEC
Athenahealth Inc,ATHN
Athersys Inc,ATHX
Atlanticus Hldg Cp,ATLC
Ames Natl Corp,ATLO
Atn International,ATNI
Athenex Inc,ATNX
Atomera Inc,ATOM
Atossa Genetics Inc,ATOS
Atara Biotherap,ATRA
Atricure Inc,ATRC
Atrion Corp,ATRI
Astronics Cp,ATRO
Antares Pharma,ATRS
Air Transport,ATSG
Attunity Ltd,ATTU
Activision Blizzard,ATVI
Avenue Therapeutics Inc,ATXI
Auburn Natl Bncp I,AUBN
Audiocodes Ltd,AUDC
Aurinia Pharm Ord,AUPH
Autoweb Inc,AUTO
Aerovironment Inc,AVAV
Avadel Pharmaceuticals Plc,AVDL
Aveo Pharmaceuticals,AVEO
Broadcom Ltd,AVGO
Avinger Inc,AVGR
A V Homes Inc,AVHI
Avid Tech Inc,AVID
Aviat Networks Inc,AVNW
Anavex Lf SC,AVXL
Avexis Inc,AVXS
Aware Inc,AWRE
Abraxas Petro Corp,AXAS
Accelerate Diagnosti,AXDX
Axogen Inc,AXGN
Axovant Sciences Ltd,AXON
Axsome Thera,AXSM
Axt Inc,AXTI
Atlantica Yield Plc,AY
Aytu Bioscience Inc,AYTU
Aspen Technology,AZPN
Azurrx Biopharma Inc,AZRX
Natus Medical Inc,BABY
Bandwidth Inc,BAND
Bancfirst Corp,BANF
Banner Corp,BANR
Stonecastle Fncl Cp,BANX
Bioanalytical Syst,BASI
Liberty Braves CS A,BATRA
Liberty Braves CS C,BATRK
Bed Bath & Beyond,BBBY
Beasley Brdcst Gr,BBGI
Biotech Vaneck ETF,BBH
Black Box Cp,BBOX
Bravo Brio Restauran,BBRG
Barrett Business S,BBSI
Bcb Bancorp Inc,BCBP
Brainstorm Cell,BCLI
B Communications Ltd,BCOM
Blucora Inc,BCOR
Brightcove Inc,BCOV
Balchem Cp,BCPC
Biocryst Pharma Inc,BCRX
Bancorp 34 Inc,BCTF
Bridge Bancorp Inc,BDGE
Biodelivery Sci Intl,BDSI
Biotelemetry Inc,BEAT
Beacon Roofing Suppl,BECN
Bel Fuse Inc Cl B,BELFB
Bankfinancial Corpor,BFIN
G-X Health & Wellness Thematic Et,BFIT
Biofrontera Ag ADR,BFRA
Bgc Partners Cl A,BGCP
Big 5 Sporting,BGFV
Beigene Ltd Ads,BGNE
Barington/Hilco Rgts,BHACR
Blue Hills Bancorp,BHBK
Brighthouse Financial Inc,BHF
Ultra Nasdaq Biotech Proshares,BIB
BICK Index Fund FT,BICK
Baidu Inc,BIDU
Biogen Inc,BIIB
Bilibili Inc. ADR,BILI
Biocept Inc,BIOC
Biolase Inc,BIOL
Bioscrip Inc,BIOS
Ultrashort Biotechnology Proshares,BIS
Bj's Restaurants Inc,BJRI
Blackrock Cptl Invt,BKCC
Blueknight Energy LP,BKEP
Blueknight Srs A Uts,BKEPP
Booking Holdings Inc.,BKNG
Bank of So Car Cp,BKSC
Bio-Key Intl Inc,BKYI
Blackline Inc,BL
Blue Bird Corp,BLBD
Bellicum Pharma Comm,BLCM
Reality Shares Nasdaq Nextgen Economy ETF,BLCN
Ballard Power Sys,BLDP
Builders Firstsource,BLDR
Biolife Solutions,BLFS
Bridgeline Digital,BLIN
Blackbaud Inc,BLKB
Bloomin' Brands Inc,BLMN
Bsb Bancorp Inc,BLMT
Blink Charging Co,BLNK
Bellerophon Ther Com,BLPH
Biolinerx Ltd,BLRX
Bluebird Bio,BLUE
Bmc Stock Holdings,BMCH
Biomerica Inc,BMRA
Bank of Marin Bancrp,BMRC
Biomarin Pharmaceut,BMRN
Bryn Mawr Bank Corp,BMTC
Beneficial Bancorp,BNCL
Total Intl Bond ETF Vanguard,BNDX
Benefitfocus,BNFT
Bonso Elec Intl In,BNSO
Benitec Biopharm Ads,BNTC
Bank of Commerce Hld,BOCH
Bofi Holding Inc,BOFI
Bofi Hld Sub Not,BOFIL
Bojangles Inc CS,BOJA
Bok Financial Corp,BOKF
Bok Financial Corp,BOKFL
Audentes Therapeutics Inc,BOLD
Boston Omaha Corporation Class A,BOMN
Dynamic Materials,BOOM
Bos Better Online,BOSC
Bank of The Jame Fnl,BOTJ
G-X Robotics & Artificial Intel Thmtc ETF,BOTZ
Boxlight Corporation Class A,BOXL
Boston Pvt Finl Hldg,BPFH
Boston Private Dep S,BPFHP
Blueprint Medi Cm ST,BPMC
Popular Inc,BPOP
Popular Inc Trust II,BPOPM
Popular Inc Trust I,BPOPN
Bank of Princeton,BPRN
Bio-Path Holdings,BPTH
Brookfield Property Partners L,BPY
Craft Brew Alliance,BREW
Bridgford Foods Cp,BRID
Brookline Bancorp,BRKL
Bruker Corp,BRKR
Brooks Automation,BRKS
Borqs Technologies Inc,BRQS
Bassett Furniture,BSET
Bear State Fin Inc,BSF
Biostar Pharmaceutic,BSPM
Bsquare Corp,BSQR
Sierra Bancorp,BSRR
Biospecifics Tech Cp,BSTC
Bioxcel Therapeutics Inc.,BTAI
Blue Buffalo Pet,BUFF
Burcon Nutrascience,BUR
Chanticleer Hldgs,BURG
First Busey Corp,BUSE
Broadvision Inc,BVSN
Biondvax Pharma Ads,BVXV
Bridgewater Bancshares Inc.,BWB
Broadwind Energy Inc,BWEN
Bankwell Financial,BWFG
Baldwin Lyons Cl A,BWINA
Baldwin Lyons Cl B,BWINB
Bay Bancorp Inc,BYBK
Broadway Fin Cp,BYFC
Beyondspring Inc Ordinary Shares,BYSI
Baozun Inc Ads,BZUN
CA Inc,CA
China Automotive Sys,CAAS
Camden Natl Cp,CAC
Credit Acceptance,CACC
Legg Clearbridge All Cap Growth ETF,CACG
China Advanced Const,CADC
8Point3 Energy Cl A,CAFD
Cheesecake Fact,CAKE
Calithera Biosci Com,CALA
China Auto Logistics,CALI
Magicjack Vocaltec L,CALL
Cal-Maine Foods In,CALM
Calamp Corp,CAMP
Camtek Ltd,CAMT
Capricor Therap,CAPR
Avis Budget Group I,CAR
Cara Therapeutics,CARA
Carbonite Inc,CARB
Cargurus Inc Class A,CARG
Carolina Financial Corp,CARO
Carolina Trust Bank,CART
Carver Bancorp,CARV
Nasdaq Global Auto Index Fund FT,CARZ
Casa Systems Inc,CASA
Meta Financial Grp,CASH
Casi Phrmactcls Inc,CASI
Cas Medical Sys Inc,CASM
Cass Information Sys,CASS
Casey's General Stor,CASY
Catabasis Pharma,CATB
Cambridge Bancorp,CATC
G-X S&P 500 Catholic Values ETF,CATH
Cardtronics Inc,CATM
Catasys Inc,CATS
Cathay Genl Bncp,CATY
Cavium Inc,CAVM
China Bak Battery,CBAK
Colony Bankcorp Inc,CBAN
Cymabay Therapeutics,CBAY
Catalyst Bio,CBIO
Cleveland Biolabs,CBLI
Cellular Biomedicine,CBMG
CBOE Global Markets Inc,CBOE
China Biologic Produ,CBPO
Cracker Barrel,CBRL
Commerce Bancshares,CBSH
Commerce BNC B Dep,CBSHP
Cbtx Inc,CBTX
Capital City Bank Gr,CCBG
China Ceramics Co,CCCL
China Commercial Cre,CCCR
Calams Dy Cnv In,CCD
Chinacache Hldgs ADR,CCIH
CSI Compressco,CCLP
Cabot Microelectron,CCMP
Cnb Financial Corp,CCNE
Cogent Comm Hldgs,CCOI
China Customer Ord,CCRC
Cross Ctry Hlthcr,CCRN
Chemocentryx Inc,CCXI
Victory US Eqty Income Ehnd Vol Wtd ETF,CDC
Centennial Resource Development Inc,CDEV
Cdk Global Inc,CDK
Victory US Largecap Hi Div Vol Wtd ETF,CDL
Cardlytics Inc.,CDLX
Avid Bioservices Inc.,CDMO
Avid Bioservices Inc.,CDMOP
Caredx Inc,CDNA
Cadence Design Sys,CDNS
Clean Diesel Technol,CDTI
Cidara Thera,CDTX
CDW Corp,CDW
Chromadex Corp CS,CDXC
Codexis Inc,CDXS
Cadiz Inc,CDZI
C E C O Envir,CECE
Career Education,CECO
Celcuity Inc,CELC
Celgene Corp,CELG
Celgene Cp Cvr,CELGZ
Celsius Holdings Inc,CELH
Chembio Diagnostics,CEMI
Central Garden,CENT
Central Garden & Pet,CENTA
Century Aluminum C,CENX
Cerecor Inc,CERC
Cerecor Inc Cl A WT,CERCW
Cerner Corp,CERN
Cerus Corp,CERS
Central EUR Med A,CETV
Cemtrex Inc,CETX
Cemtrex Inc Series 1 Pfd.,CETXP
Ceva Inc,CEVA
Victoryshares Emerging Market High Div Vol Wtd E,CEY
Victory EM Vol Wtd ETF,CEZ
Victory US 500 Vol ETF ETF,CFA
Community First Bancshares Inc,CFBI
Central Fed Cp,CFBK
C&F Financial Corp,CFFI
Capitol Fed Finl Inc,CFFN
Conformis Inc CS,CFMS
Victory US 500 Ehnd Vol Wtd ETF,CFO
Contrafect,CFRX
The Carlyle Group,CG
Tcg Bdc Inc,CGBD
Compugen Ltd,CGEN
Cancer Genetics Inc,CGIX
Cogentix Medical In,CGNT
Cognex Cp,CGNX
Calamos Glb Ttl Rtn,CGO
Comstock Hldgs Cos,CHCI
City Holding Co,CHCO
Churchill Downs In,CHDN
The Chefs Warehouse,CHEF
Check-Cap Ltd Ord,CHEK
Check-Cap Ltd A WT,CHEKW
Chemical Financial,CHFC
Charter Finl Corp,CHFN
Chf Solutions Inc,CHFS
Calamos Cv Opp & Inc,CHI
Cherokee Inc,CHKE
Check Point Software,CHKP
Chiasma Inc,CHMA
Chemung Financial Cp,CHMG
China Natural Res,CHNR
Coherus Bio,CHRS
C.H. Robinson Ww,CHRW
CHS B Cum Pfd Srs 4,CHSCL
CHS Pfd Clb Ser3,CHSCM
CHS Inc Pfd B Srs 2,CHSCN
CHS Inc Cl B Pfd,CHSCO
CHS Inc Cum Pfd,CHSCP
Charter Communicatio,CHTR
Commercehub Inc,CHUBA
Commercehub Inc,CHUBK
Chuy's Holdings Inc,CHUY
Calamos Gbl Dyn Inc,CHW
Calamos Cv & High In,CHY
Nasdaq Cybersecurity ETF FT,CIBR
Victory Intl Hi Div Vol Wtd ETF,CID
Cinedigm Corp,CIDM
China Internet Nationwide Financial Services Inc,CIFS
Colliers Intl Grp In,CIGI
Victory Intl Vol Wtd ETF,CIL
Cincinnati Financial,CINF
Interm Credit Bd Ishares,CIU
Civista Bncshrs,CIVB
Victory Dev Enhd Vol Wtd ETF,CIZ
China Jojo Drugstore,CJJD
Checkpoint Therapeutics Inc,CKPT
Clarus Corp,CLAR
Caladrius Bio,CLBS
Collectors Universe,CLCT
China Lending Corp,CLDC
Celldex Therapeutics,CLDX
Clearfield Inc,CLFD
Collplant Holdings Ltd.,CLGN
Clearsign Combustion,CLIR
Cellectis S.A. Ads,CLLS
Calumet Specialty Pr,CLMT
Clean Energy Fuels,CLNE
Cellectar Biosc,CLRB
Cellectar Bio Sra WT,CLRBZ
IQ Chaikin U.S. Large Cap ETF,CLRG
Clearone Inc,CLRO
Clearside Biomedi,CLSD
Celsion Corp,CLSN
Town Sports Internat,CLUB
Clovis Oncology Inc,CLVS
Euro Tech Hldg,CLWT
Calyxt Inc,CLXT
Columbus Mckinnon,CMCO
Comcast Corp A,CMCSA
Cim Commercial TR Cp,CMCT
CME Group Inc,CME
Cm Finance,CMFN
Cimpress N.V. Ord,CMPR
Chimerix Inc,CMRX
Cm Seven Star Acquisition Corporation Right,CMSSR
Cm Seven Star Acquisition Corp,CMSSU
Clementia Pharmaceuticals Inc,CMTA
Comtech Telecom Co,CMTL
Constellation Alpha Capital Corp Unit,CNACU
Constellation Alpha Capital Corp Warrant,CNACW
Conatus Pharmaceutic,CNAT
Century Bancorp Inc,CNBKA
Concert Pharmaceutic,CNCE
Loncar Cancer Immunotherapy ETF,CNCR
Chinanet Online Hldg,CNET
Conifer Holdings,CNFR
China Info Tech,CNIT
C O N M E D Cp,CNMD
Connectone Bancorp,CNOB
Consolidated Communications Holdings Inc,CNSL
China Techfaith Wire,CNTF
Century Casinos In,CNTY
PC Connection Inc,CNXN
Cobiz Financial Inc,COBZ
Cocrystal Pharma Inc,COCP
Coda Octopus Group,CODA
Co-Diagnostics Inc,CODX
Cogint Inc,COGT
Coherent Inc,COHR
Cohu Inc,COHU
Coca Cola Bot Cons,COKE
Columbia Banking Sys,COLB
Collegium Pharma,COLL
Columbia Sprtswr,COLM
Commscope Holding Co,COMM
Ishares Commodities Select Strategy ETF,COMT
Cyrusone Inc,CONE
Conn's Inc,CONN
Polarityte Inc,COOL
Core Mark Holding,CORE
Corium Intl,CORI
Corcept Therapeutics,CORT
Costco Wholesale,COST
Coupa Software Inc,COUP
Cowen Group Inc,COWN
Cowen Inc 7.35% Senior Notes Due 2027,COWNZ
Counterpath Corp,CPAH
Canterbury Park Hl,CPHC
Cumberland Pharmaceu,CPIX
Capella Education Co,CPLA
Capital Product Part,CPLP
Copart Inc,CPRT
Catalyst Pharm Inc,CPRX
Cps Technologies,CPSH
Computer Programs,CPSI
Consumer Portfol,CPSS
Capstone Turbine Cp,CPST
Capitala Finance Crp,CPTA
Capitala Finance Corp 5.75% Convertible Notes D,CPTAG
Capitala Finance Corp 6% Notes Due 2022,CPTAL
Cra International,CRAI
Cray Inc,CRAY
Corbus Pharma,CRBP
Core US Credit Bond ETF Ishares,CRED
Cree Inc,CREE
China Recycling Ener,CREG
Cresud Sacif ADR,CRESY
Curis Inc,CRIS
Cardiome Pharma Corp,CRME
America's Car-Mart,CRMT
Ceragon Networks Ltd,CRNT
Cronos Group Inc,CRON
Crocs Inc,CROX
Crispr Therapeutics Ag,CRSP
Criteo S.A. Ads,CRTO
Cirrus Logic Inc,CRUS
Corvel Cp,CRVL
Corvus Pharma Com,CRVS
Crown Crafts Inc,CRWS
Carrizo Oil & Gas,CRZO
Victory US Smallcap Vol Wtd ETF,CSA
Victory US Smallcap Hi Div Vol Wtd ETF,CSB
Champions Oncolog,CSBR
Cisco Systems Inc,CSCO
Victory US Disc Enhd Vol Wtd ETF,CSF
Centerstate Bank Corp,CSFL
Costar Group Inc,CSGP
C S G Sys Intl,CSGS
Cardiovascular Syst,CSII
Canadian Solar Inc,CSIQ
1-3 Year Credit Bond Ishares,CSJ
IQ Chaikin U.S. Small Cap ETF,CSML
Cornerstone Ondemand,CSOD
C S P Inc,CSPI
Calamos Strgc Ttl Rt,CSQ
Chicken Soup For The Soul Entertainment Inc,CSSE
Caesarstone Sdot-Yam,CSTE
Capstar Financial Holdings Inc,CSTR
Capital Southwest,CSWC
Capital Southwest Corporation 5.95% Notes Due 20,CSWCL
Csw Industrials Inc,CSWI
CSX Corp,CSX
Cintas Corp,CTAS
Community TR Bancp,CTBI
Computer Task Gp Inc,CTG
Charles & Colvard,CTHR
Cti Inds Corp,CTIB
Cti Biopharm Corp,CTIC
Cytomx Thera,CTMX
Caretrust REIT Inc,CTRE
Control4 Corp,CTRL
Citi Trends Inc,CTRN
Ctrip.Com Intl Ltd,CTRP
Contravir Pharmaceut,CTRV
Cognizant Tech Sol,CTSH
Cytosorbents Cor,CTSO
Conn Water Svcs In,CTWS
Citius Pharmaceuticals Inc,CTXR
Citius Pharmaceuticals Inc Warrant,CTXRW
Citrix Systems Inc,CTXS
Herzfeld Caribbean,CUBA
Cue Biopharma Inc.,CUE
Cui Global Inc,CUI
Neuralstem Inc,CUR
Cutera Inc,CUTR
Cvb Financial Corp,CVBF
Cavco Inds Inc,CVCO
Central Vly Cmty Bcp,CVCY
Commercial Vehicle G,CVGI
Calavo Growers Inc,CVGW
Commvault Systems,CVLT
Codorus Valley Bncp,CVLY
Convergeone Holdings Inc.,CVON
Convergeone Holdings Inc. Warrant,CVONW
Covenant Transportn,CVTI
CVD Equipment Corp,CVV
Coastway Bancorp Inc,CWAY
Community West Bncsh,CWBC
Cohbar Inc,CWBR
Cons Water Co Inc,CWCO
Casella Waste Sys,CWST
China Xd Plastics Co,CXDC
Concordia International,CXRX
Wisdomtree China Ex-Cso Fund,CXSE
Cypress Semiconductr,CY
Celyad Sa Ads,CYAD
Cyanotech Corp,CYAN
Cyberoptics Cp,CYBE
Cyberark Soft Ord,CYBR
Cyclacel Pharmaceuti,CYCC
Cyclacel Pharmaceuti,CYCCP
Community Health Sys,CYHHZ
Changyou.Com Ltd,CYOU
Cyren Ltd,CYRN
Cryoport Inc,CYRX
Cryoport Inc Wts,CYRXW
Cytokinetics,CYTK
Cytrx Corporation,CYTR
Cytori Therapeutics,CYTX
Citizens First Corp,CZFC
Citizens Nrthn Cp,CZNC
Caesars Entertainment Corp,CZR
Citizens Community,CZWI
Data I O Cp,DAIO
Daktronics Inc,DAKT
Dare Bioscience Inc,DARE
Famous Daves of Am,DAVE
DAX Germany ETF,DAX
Dbv Technologies Ads,DBVT
Dropbox Inc,DBX
Dropcar Inc.,DCAR
Diana Containerships Inc,DCIX
Dime Community Bncsh,DCOM
Deciphera Pharmaceuticals Inc,DCPH
Legg Developed Ex-US Div Core ETF,DDBI
Delta Tech HD Ltd Or,DELT
Dennys Corp,DENN
Depomed Inc,DEPO
Dermira Inc Cm ST,DERM
Destination Maternty,DEST
Differntl Brands,DFBG
Diffusion Pharmaceuticals Inc,DFFN
Davis Select Financial ETF,DFNL
Del Frisco's Restrnt,DFRG
5 Year Bear Ipath,DFVS
Donegal Group Cl A,DGICA
Digi Intl Inc,DGII
VS 3X Inv Gold,DGLD
Digital Ally Inc,DGLY
Wisdomtree EM Quality Divd Growth Fund,DGRE
Wisdomtree US Smallcap Quality Dvid Fund,DGRS
Wisdomtree US Quality Divd Fund,DGRW
Diamond Hill Inv,DHIL
Dhx Media Varbl Vtg,DHXM
Davis Select International ETF,DINT
Diodes Inc,DIOD
Discovery Comm A,DISCA
Discovery Comm Inc,DISCK
Dish Network Corp,DISH
Daily Journal Cp,DJCO
Ipath Long Bond Bear ETN,DLBS
Dlh Holdings Corp,DLHC
Dolphin Entertainment Inc,DLPN
Dolphin Entertainment Inc Warrant,DLPNW
Duluth Hldg Cl B,DLTH
Dollar Tree Inc,DLTR
Dorchester Minls,DMLP
Delmar Pharmaceuticals Inc,DMPI
Digimarc Corp,DMRC
Dnb Finl Corp,DNBF
Golden Bull Limited Ordinary Shares,DNJR
Dunkin' Brands Group,DNKN
Denali Therapeutics Inc,DNLI
Dogness Corporation Class A,DOGZ
Dorman Products Inc,DORM
Dova Pharmaceuticals Inc,DOVA
Amdocs Ltd Ord,DOX
Digirad Corp,DRAD
Labstyle Innovat,DRIO
Dicerna Pharmaceutic,DRNA
Durect Corp,DRRX
Dryships Inc,DRYS
Descartes Sys Grp,DSGX
Daseke Inc,DSKE
Daseke Inc,DSKEW
VS 3X Inv Silver,DSLV
D S P Group Inc,DSPG
Deswell Inds Inc,DSWL
Davidstea Inc,DTEA
Determine Inc,DTRM
10 Year Bear Ipath,DTYS
Davis Select USA ETF,DUSA
Dynavax Technologies,DVAX
Diversicare Healthca,DVCR
DJ Select Dividend Index Ishares,DVY
Dynamic OTC Powershares,DWAQ
DWA Smallcap Momentum Portfolio PS,DWAS
Datawatch Cp,DWCH
Arrow DWA Country Rotation ETF,DWCR
DW Fixed Income Allocation ETF SPDR,DWFI
DWA Tactical Multi-Asset Income PS,DWIN
Davis Select World Opportunities ETF,DWLD
DWA Momentum & Low Vol Rotation PS,DWLV
First Trust Dorsey Wright People's Portfolio ETF,DWPP
Dawson Geophscl,DWSN
DWA Tactical Sector Rotation PS,DWTR
Dexcom,DXCM
Wisdomtree Germany Hedged Eqty Fund,DXGE
Wisdomtree Japan Smallcap Eqty Hedged Fund,DXJS
Destination XL Grp,DXLG
Dxp Enterprise,DXPE
The Dixie Group,DXYN
Dynatronics Cp,DYNT
Dynasil Cp America,DYSL
Dasan Zhone Solutions Inc,DZSI
Electronic Arts Inc,EA
Easterly Acq,EACQ
Easterly Acq Warrant,EACQW
Double Eagle Units,EAGLU
Auris Medical,EARS
Eastside Distilling Inc,EAST
Ebay Inc,EBAY
Ebay Inc 6.0% NTS,EBAYL
Eleven Bio Inc,EBIO
Ebix Inc,EBIX
Eagle Bancorp [Mt],EBMT
Meridian Bncp,EBSB
Enterprise Bancorp I,EBTC
Echo Global Logistic,ECHO
US Ecology Inc,ECOL
Encore Capital Grp,ECPG
Endocyte Inc,ECYT
Edap Tms Sa ADR,EDAP
Legg EM Div Core ETF,EDBI
Edge Therapeut Cm S,EDGE
Edgewater Tech Inc,EDGW
Editas Medicine,EDIT
Educational Dev Cp,EDUC
Euronet Worldwide,EEFT
Ecology Environment,EEI
Ishares EM Asia ETF,EEMA
Elec Imaging Inc,EFII
Energy Focus,EFOI
Enterprises Finl Svc,EFSC
Egain Corp,EGAN
Eagle Bancorp Inc,EGBN
Energy Xxi Gulf Coast Inc,EGC
Eagle Bulk Ship New,EGLE
Egalet Corp,EGLT
Nic Inc,EGOV
Eagle Pharmaceutical,EGRX
Ehealth Inc,EHTH
Endurance Int Grp,EIGI
Eiger Biopharma,EIGR
Ekso Bionics Holdings Inc,EKSO
Electrum Special WT,ELECW
Endologix Inc,ELGX
Echelon Corp,ELON
Electro Sensors In,ELSE
Eltek Ltd,ELTK
USD Emrg Mkts Bond Ishares,EMB
Wisdomtree EM Corp Bond Fund,EMCB
Emclaire Finl Cor,EMCF
Wisdomtree EM Consumer Growth,EMCG
E M C Insurance Gp,EMCI
Ishares EM Infrastructure ETF,EMIF
Elbit Imaging Ord,EMITF
Emcore Corp,EMKR
Eastern Co,EML
Emmis Commun Cl A,EMMS
Ishares Inc Ishares MSCI Emerging Markets Ex C,EMXC
Endo Int'l Plc,ENDP
Entegra Financ Cm ST,ENFC
Englobal Corp,ENG
Enphase Energy Inc,ENPH
The Ensign Group In,ENSG
Global Eagle Entrtn,ENT
Enanta Pharmaceutica,ENTA
Entegris Inc,ENTG
New Zealand Index MSCI Ishares,ENZL
Evolus Inc.,EOLS
Bottomline Tech In,EPAY
Essa Pharma,EPIX
Epizyme Inc,EPZM
Equity Bncsrs Cm A,EQBK
Equitable Fincl,EQFN
Equinix Inc,EQIX
Proshares Trust Proshares Equities For Rising Ra,EQRR
Eldorado Resorts,ERI
Ericsson ADR,ERIC
Erie Indemnity Co,ERIE
Energy Recovery Inc,ERII
Elmira Sav Bk,ESBK
Escalade Inc,ESCA
Euroseas Ltd,ESEA
Eco-Stim Energy,ESES
Ishares EAFE ESG Select ETF,ESGD
Ishares EM ESG Select ETF,ESGE
Flexshares Global ESG Impact Index,ESGG
Enstar Group Ltd,ESGR
Ishares US ESG Optimized ETF,ESGU
Electro Sci Inds,ESIO
Elbit Systems Ltd,ESLT
Essendant Inc,ESND
Esperion Theraptc,ESPR
Esquire Financial Holdings Inc,ESQ
Express Scripts,ESRX
Essa Bancorp Inc,ESSA
Estre Ambiental Inc,ESTR
Estre Ambiental Inc Warrant,ESTRW
Community Bankers,ESXB
E*Trade Finl Corp,ETFC
Etsy Inc,ETSY
Europe Financials ETF Ishares,EUFN
Everbridge Inc,EVBG
Ev Energy Partners,EVEP
Evofem Biosciences Inc.,EVFM
Evogene Ltd Ord,EVGN
Ever Glory Intl Grp,EVK
Evine Live Cl A,EVLV
Evoke Pharma,EVOK
Evolving Systems Inc,EVOL
East West Bancorp,EWBC
Ishares Brazil Smallcap ETF,EWZS
Exact Sciences Cor,EXAS
Exelixis Inc,EXEL
Exfo Inc,EXFO
Exlservice Holdings,EXLS
Expeditors Intl,EXPD
Expedia Group Inc.,EXPE
Exponent Inc,EXPO
Extreme Networks,EXTR
National Vision Holdings Inc,EYE
Eyegate Pharma,EYEG
Eyenovia Inc.,EYEN
Second Sight,EYES
Second Sight Medical Products Inc Warrants,EYESW
Eyepoint Pharmaceuticals Inc.,EYPT
Ezcorp Inc,EZPW
Alternative Absolute Return Strategy ETF FT,FAAR
Multi Cap Value Alphadex Fund FT,FAB
Multicap Growth Alphadex Fund FT,FAD
Ishares Fallen Angels USD Bond,FALN
Farmmi Inc.,FAMI
Diamondback Energy,FANG
Fanhua Inc,FANH
Farmer Brothers,FARM
Faro Tech Inc,FARO
Fastenal Co,FAST
Fat Brands Inc,FAT
Fate Therapeutics,FATE
Facebook Inc,FB
Fortress Biotech Inc,FBIO
Fortress Biotech Inc 9.375% Series A Cumulativ,FBIOP
First Business Finan,FBIZ
First Bancshs [Ms],FBMS
First Bancorp [Nc],FBNC
First Connecticut BA,FBNK
Fauquier Bankshares,FBSS
Brazil Alphadex Fund FT,FBZ
China Alphadex Fund FT,FCA
First Trust Exchange-Traded Fund III First Trust,FCAL
First Community Bksh,FCBC
First Community Corp,FCCO
1st Constitution Bcp,FCCY
CEF Income Opportunity ETF FT,FCEF
Fuelcell Energy Inc,FCEL
First Citizens Bancs,FCNCA
Fc Global Realty Inc,FCRE
Fibrocell Science,FCSC
Ssi Strategic Convertible Securities ETF FT,FCVT
Fidelity D & D Bancorp Inc,FDBC
First Defiance Finl,FDEF
Strategic Income ETF FT,FDIV
Dev Mkts Ex-US Alphadex Fund FT,FDT
Dev Mkts Ex-US Small Cap Alphadex Fund FT,FDTS
Fidus Investment Cor,FDUS
Fidus Investment Corporation 5.875% Notes Due 20,FDUSL
Frequency Elcts Inc,FEIM
Franklin Electric Co,FELE
Emrg Mkts Alphadex Fund FT,FEM
Emrg Mkts Local Currency Bond ETF FT,FEMB
Emrg Mkts Small Cap Alphadex Fund FT,FEMS
Fennec Pharmaceuticals Inc,FENC
Europe Alphadex Fund FT,FEP
Eurozone Alphadex Fund FT,FEUZ
Largecap Core Alphadex Fund FT,FEX
Fireeye Inc,FEYE
First Finl Bncp [Oh],FFBC
Ffbw Inc,FFBW
Fuwei Films [Holding,FFHL
Flushing Finl Corp,FFIC
First Finl Bkshs Inc,FFIN
F5 Networks Inc,FFIV
Farmers Capital BA,FFKT
First Financial Nort,FFNW
First Foundation,FFWM
First Gurty Banc,FGBI
Fibrogen Inc CS,FGEN
Germany Alphadex Fund FT,FGM
First Hawaiian Inc,FHB
Hong Kong Alphadex Fund FT,FHK
First Interstate Ban,FIBK
Finish Line Cl A,FINL
G-X Fintech Thematic ETF,FINX
Financial Institut,FISI
Fiserv Inc,FISV
Fifth Third Bncp,FITB
Fifth Third Bancorp,FITBI
Five Below Inc,FIVE
Five9 Inc,FIVN
Tcw Opportunistic Fixed Income ETF FT,FIXD
Homology Medicines Inc.,FIXX
Natl Beverage Cp,FIZZ
Japan Alphadex Fund FT,FJP
South Korea Alphadex Fund FT,FKO
UK Alphadex Fund FT,FKU
Fluidigm Corp,FLDM
Flextronics Intl Ltd,FLEX
Fulgent Genetics Inc,FLGT
First of Long Isla,FLIC
Flir Systems Inc,FLIR
Flex Pharma Inc,FLKS
Full House Rsts,FLL
Latin America Alphadex Fund FT,FLN
1-800-Flowers.Com,FLWS
Flexion Therapeutics,FLXN
Flexsteel Inds,FLXS
Farmers & Merch Banc,FMAO
Managed Municipal ETF FT,FMB
First Mid Ill Bncshr,FMBH
First Midwest Bncp,FMBI
FT Municipal High Income ETF,FMHI
Foundation Medicine,FMI
Mega Cap Alphadex Fund FT,FMK
Farmers Natl Banc Cp,FMNB
Fnb Bancorp [Ca],FNBG
First National Community Bancorp Inc,FNCB
Financial Engines,FNGN
Federated Natl Hldg,FNHC
Finjan Holdings,FNJN
Mid Cap Value Alphadex Fund FT,FNK
Funko Inc Class A,FNKO
First Bancorp Inc,FNLC
Finisar Corp,FNSR
Fintech Acquisition Corp II,FNTE
Fintech Acquisition Corp II Warrant,FNTEW
First Nw Banc,FNWB
Mid Cap Core Alphadex Fund FT,FNX
Mid Cap Growth Alphadex Fund FT,FNY
Amicus Therapeutics,FOLD
Foamix Pharma Ord,FOMX
Nasdaq Smartphone Index Fund FT,FONE
Fonar Corp,FONR
Forward Inds Inc,FORD
Fuling Global Ord Sh,FORK
Formfactor Inc,FORM
Forrester Resrch,FORR
Formula Sys [1985],FORTY
Fossil Group,FOSL
21st Centry Fox Class B,FOX
21st Centry Fox Class A,FOXA
Fox Factory Cp,FOXF
Asia Pacific Ex-Japan Alphadex Fund FT,FPA
Flexshopper Inc,FPAY
Five Prime Thera,FPRX
International IPO Fund FT,FPXI
Francesca's Holdings,FRAN
First Bank,FRBA
Republic First Bcp,FRBK
Fred's Inc,FRED
Fiesta Restaurant Gp,FRGI
First Merchants Corp,FRME
Frp Holdings Inc,FRPH
Freshpet Inc CS,FRPT
Papa Murphys Hld Com,FRSH
Foresight Autonomous Holdings Ltd ADR,FRSX
Forterra Inc,FRTA
Federal Street Acquisition Corp,FSAC
Federal Street Acquisition Corp Unit,FSACU
Federal Street Acquisition Corp Warrant,FSACW
FS Bancorp Inc,FSBW
Forescout Technologies Inc,FSCT
First Savings Financ,FSFG
First Solar Inc,FSLR
Fusion Telecom Intl,FSNN
Foster L B Co,FSTR
Firstsrvce Sub Vt Sh,FSV
Switzerland Alphadex Fund FT,FSZ
Largecap Value Alphadex Fund FT,FTA
Indxx Global Agriculture ETF FT,FTAG
Largecap Growth Alphadex Fund FT,FTC
Capital Strength ETF FT,FTCS
Ftd Companies,FTD
Fuel Tech Inc,FTEK
Fronteo Inc,FTEO
Future Fintech Group Inc,FTFT
Global Tactical Commodity Strategy Fund FT,FTGC
High Income ETF FT,FTHI
Low Beta Income ETF FT,FTLB
Fortinet Inc,FTNT
Frontier Commun Cp,FTR
Indxx Global Natural Resources Income ETF FT,FTRI
Frontier A Mn Cnv Pd,FTRPR
Senior Loan ETF FT,FTSL
Enhanced Short Maturity ETF FT,FTSM
Nasdaq Semiconductor ETF FT,FTXL
Nasdaq Bank ETF FT,FTXO
Nasdaq Transportation ETF FT,FTXR
Fulton Financial Cor,FULT
First United Corp,FUNC
Sprott Focus Trust,FUND
First US Bancshares Inc,FUSB
Arcimoto Inc,FUV
Dorsey Wright Focus 5 ETF FT,FV
Dorsey Wright Dynamic Focus 5 ETF FT,FVC
Five Star Quality Care,FVE
Liberty Media F1 Series A,FWONA
Liberty Media F1 Series K,FWONK
Forward Pharma Ads,FWP
Foward Air Corp,FWRD
Smallcap Growth Alphadex Fund FT,FYC
Smallcap Value Alphadex Fund FT,FYT
Smallcap Core Alphadex Fund FT,FYX
German Amer Bncp Inc,GABC
Gaiam Inc,GAIA
Gladstone Investment,GAIN
Gladstone Inv 6.5 C,GAINN
Gladstone Invt Corp,GAINO
Galectin Therapeutic,GALT
Garrison Capital Inc,GARS
Stealthgas Inc,GASS
Glacier Bancorp Inc,GBCI
Golub Capital Bdc I,GBDC
Global Indemnity Plc,GBLI
Global Indemnity Limited 7.875% Subordinated Not,GBLIL
Global Indmnty 7.75,GBLIZ
Guaranty Bancorp,GBNK
Global Blood Ther,GBT
Greene County Bncp,GCBC
Sanofi Cvr,GCVRZ
Golden Entmt,GDEN
Gds Holdings Ltd,GDS
Great Elm Capital Group Inc,GEC
Great Elm Capital Corp,GECC
Great Elm Capital Corp 6.50% Notes Due 2022,GECCL
Gemphire Therapeutics Inc,GEMP
Gencor Industries In,GENC
Genetic Tech Spn Ads,GENE
Principal Millennials Index ETF,GENY
Geospace Technologie,GEOS
Geron Corp,GERN
Gevo Inc,GEVO
Guaranty Fedl Bcshs,GFED
General Finance Corp,GFN
General Fn Cum Pfd C,GFNCP
Genrl Fin Sr Nt 2021,GFNSL
Grupo Fin Galicia,GGAL
Genomic Health Inc,GHDX
Gulf Island Fab,GIFI
Gigamedia Ltd,GIGM
G-III Apparel Gp I,GIII
Gilead Sciences Inc,GILD
Gilat Satellite Ntwk,GILT
Gladstone Cap Corp,GLAD
Gladstone Capital Corp Term Pfd. Ser 2024,GLADN
Globus Maritime Limi,GLBS
Glen Burnie Bancorp,GLBZ
Great Lakes Drg Dock,GLDD
CS X-Links Gold Share,GLDI
Gci Liberty Inc. Cl A,GLIBA
Gci Liberty Inc. Ser A Pfd,GLIBP
Galmed Pharmaceutica,GLMD
Golar Lng Ltd,GLNG
Galapagos Nv,GLPG
Gaming & Leisure,GLPI
Greenlight Cap. Re.,GLRE
Glu Mobile Inc,GLUU
Glycomimetics Inc,GLYC
Golar Lng Partners,GMLP
Golar Lng Partners LP,GMLPP
Green Bancorp,GNBC
Genocea Biosciences,GNCA
Ishares GNMA Bond ETF,GNMA
Genmark Diagnostics,GNMK
Aevi Genomic Medicine,GNMX
Genprex Inc,GNPX
Generic Drugs Vaneck ETF,GNRX
Gentex Corp,GNTX
Guaranty Bancshares Inc,GNTY
Genius Brands International Inc,GNUS
Golden Ocean Gp,GOGL
Gogo Inc,GOGO
Randgold Res Ltd,GOLD
Gladstone Comml,GOOD
Gladstone Commercial Corporatio,GOODM
Gladstone Commercial,GOODO
Gladstone Commercial Corp,GOODP
Alphabet Class C,GOOG
Alphabet Class A,GOOGL
Government Properties Income Trust,GOV
Government Properties Income TR,GOVNI
Gordon Pointe Acquisition Corp. Warrant,GPAQW
Gaming Partners Intl,GPIC
Gulfport Energy Corp,GPOR
Green Plains Partners LP,GPP
Green Plains Inc,GPRE
Gopro Inc Cl A,GPRO
Green Brick Partners,GRBK
Grifols S.A.,GRFS
Nasdaq Clean Edge Smart Grid Infr Index Fund FT,GRID
Griffin Industrial,GRIF
Garmin Ltd,GRMN
U S Global Inv Inc,GROW
Groupon Cl A,GRPN
Gravity Co. Ltd,GRVY
Great Southern Bncp,GSBC
Gores Holdings II Inc Class A,GSHT
Gores Holdings II Inc Units,GSHTU
Gsi Technology Inc,GSIT
Ferroglobe Plc Os,GSM
Gridsum Holding Inc,GSUM
Gsv Capital Cp,GSVC
Goodyear Tire Rubber,GT
G1 Therapeutics Inc,GTHX
Good Times Rest,GTIM
Chart Industries In,GTLS
GTX Inc,GTXI
Gty Technology Holdings Inc,GTYH
Gty Technology Holdings Inc,GTYHU
Wisdomtree Middle East Dividend Fund,GULF
Gulf Resources Inc,GURE
Gw Pharma ADR,GWPH
Global Water Reso,GWRS
Gyrodyne Llc,GYRO
Hawaiian Hldgs Inc,HA
Habit Rest Cmn A,HABT
Hanmi Financial Cp,HAFC
Hain Celestial Grp,HAIN
Restoration Robotics Inc,HAIR
Hallmark Fin Svc,HALL
Halozyme Therapeutic,HALO
Hasbro Inc,HAS
Blackhawk Network Ho,HAWK
Haynes Intl Inc,HAYN
Huntington Bcshs,HBAN
Huntington Bancshares Incorporated Depositary Sh,HBANN
Huntington Banc. Dep,HBANO
Home Bancorp Inc,HBCP
Hancock Holding Co,HBHC
Hancock Hld 5.95 Nt,HBHCL
Harvard Bioscience,HBIO
Howard Bancorp MD,HBMD
Horizon Bancorp,HBNC
Huttig Bldg Products,HBP
Harvest Capital Cred,HCAP
Harvest Capital Credit Corporation 6.125% Notes,HCAPZ
Heritage-Crystal,HCCI
Hackett Grp Inc,HCKT
Hutchison China Ads,HCM
Hawaiian Telcom Hold,HCOM
Healthcare Svcs Gp,HCSG
Hardinge Inc,HDNG
Hortonworks,HDP
HD Supply Hlds Cmm,HDS
Hudson Tech Inc,HDSN
Turtle Beach Corp,HEAR
Hebron Technology Co. Ltd,HEBT
H&E Equip Services,HEES
Helen of Troy Ltd,HELE
MSCI Germany Ishares Currency Hedged,HEWG
Hopfed Bancorp Inc,HFBC
Heritage Financial,HFWA
China Hgs Real Est,HGSH
Hibbett Sports Inc,HIBB
Hingham Inst For Svg,HIFS
Highway Hldgs Ltd,HIHO
Health Insurance Inn,HIIQ
Himax Technologies,HIMX
Hailiang Edu Grp Ads,HLG
Harmonic Inc,HLIT
Hamilton Lane Incorporated Class A,HLNE
Houghton Mifflin Har,HMHC
Hmn Financial Inc,HMNF
Helios and Matsn Ana,HMNY
Homestreet Inc,HMST
Hms Hldgs Cp,HMSY
Hemisphere Media A,HMTV
Strategy Shares Nasdaq 7Handl Index ETF,HNDL
Hennessy Advisors,HNNA
Hallador Energy Co,HNRG
Hooker Furniture,HOFT
Hollysys Automation,HOLI
Hologic Inc,HOLX
Home Bancshares Inc,HOMB
Harborone Bancorp Inc,HONE
Hope Bancorp Inc,HOPE
Hovnanian Entr Dep A,HOVNP
Highpower Intl Inc,HPJ
Hospitality Properites Trust,HPT
Hanwha Q Cells Ads,HQCL
Healthequity,HQY
Heron Therapeutics,HRTX
Horizon Technology F,HRZN
Histogenics Cp,HSGX
Henry Schein Inc,HSIC
Heidrick & Struggl,HSII
Heska Corp,HSKA
Hudson Global,HSON
Healthstream Inc,HSTM
Hometrust Bancshares,HTBI
Heritage Commerce,HTBK
Heat Biologics Inc,HTBX
Htg Molecular Dia,HTGM
China Lodg Grp Ads,HTHT
Heartland Express,HTLD
Heartland Finl USA,HTLF
Hub Group Inc A,HUBG
Hurco Cos Inc,HURC
Huron Consulting,HURN
Hv Bancorp Inc,HVBC
Houston Wire Cable,HWCC
Hawkins Inc,HWKN
Hexindai Inc,HX
Haymaker Acquisition Corp Unit,HYACU
Hydrogenics Corp,HYGS
Tactical High Yield ETF FT,HYLS
Wisdomtree Neg Duration Hi Yld Bond Fund,HYND
Ishares Iboxx $ High Yield Ex O,HYXE
Wisdomtree Int Rate Hi Yld Bond Hedged Fund,HYZD
Horizon Pharma Ord,HZNP
Iac/Interactive,IAC
Integra Lifesciences,IART
Nasdaq Biotech ETF Ishares,IBB
Independent Bk Cp,IBCP
Iberiabank Corp,IBKC
Iberiabank Ds Rep C,IBKCO
Iberiabank Dp Sh B,IBKCP
Interactive Brokers,IBKR
Intl Bancshares,IBOC
Independent Bank Grp,IBTX
Amplify Onln Rtl ETF,IBUY
Icad Inc,ICAD
County Bancorp,ICBK
Immucell Cp,ICCC
Icf International,ICFI
Ichor,ICHR
Iclick Interactive Asia Group Limited American D,ICLK
Ishares Global Clean Energy ETF,ICLN
Icon Plc,ICLR
Iconix Brand Group,ICON
Intercept Pharmaceut,ICPT
I C U Medical Inc,ICUI
Interdigital Inc,IDCC
FTSE International Low Beta Equal Weight PS,IDLB
Idera Pharmaceutical,IDRA
Industrial Svcs Am,IDSA
Id Systems Inc,IDSY
Integrated Devices,IDTI
Interpace Diag Grp,IDXG
Idexx Laboratories,IDXX
Infrastructure and Energy Alternatives Inc.,IEA
Infrastructure and Energy Alternatives Inc. WT,IEAWW
7-10 Year Treasury Ishares,IEF
3-7 Year Treasury Bond Ishares,IEI
Icahn Enterprises,IEP
Ies Holdings,IESC
Ishares Europe ETF,IEUS
Ishares Europe Developed,IFEU
Ishares Intl Devp Real Estate ETF,IFGL
Ifresh Inc,IFMK
Infosonic Corp,IFON
Fireman B.V.,IFRX
Dorsey Wright Intl Focus 5 ETF FT,IFV
Ishares Global Infrastructure ETF,IGF
Internet Gold-Golden,IGLD
Ishares Intl Treasury Bond ETF,IGOV
Information Svcs Grp,III
Insteel Industries,IIIN
Intricon Corp,IIN
I I V I Inc,IIVI
S&P Smallcap 600 Growth Ishares,IJT
Ikonics Corp,IKNX
Ilg Inc,ILG
Illumina Inc,ILMN
Industrial Logistics Properties Trust,ILPT
Immune Design CS,IMDZ
Immunogen Inc,IMGN
Intermolecular Inc,IMI
Ingles Markets Inc,IMKTA
Immutep Ltd ADR,IMMP
Immersion Corp,IMMR
Immunomedics Inc,IMMU
Imprimis Phar,IMMY
Immune Pharmaceuticals Inc,IMNP
Chipmos Tech New,IMOS
Imperva Inc,IMPV
Immuron Ltd,IMRN
Internap Corp,INAP
First Internet Bcp,INBK
First Internet Bancorp,INBKL
Incyte Corp,INCY
Independent Bk Corp,INDB
Industrea Acquisition Corp,INDU
Industrea Acquisition Corp Unit,INDUU
Industrea Acquisition Corp Warrant,INDUW
Ishares India 50 ETF,INDY
Infinity Pharmaceuti,INFI
Infinera Corp,INFN
IHS Markit Ltd,INFO
Legg Global Infrastructure ETF,INFR
Inogen Inc,INGN
Innovate Biopharmaceuticals Inc.,INNT
Inovio Pharma,INO
Innodata Inc,INOD
Inovalon Hldgs Cm A,INOV
Inpixon,INPX
Inspired Entertainment Inc,INSE
Novatel Wireless,INSG
Insmed Inc,INSM
Insys Theraptcs,INSY
Intel Corp,INTC
Intergroup Cp The,INTG
Intl Fcstone Inc,INTL
Intuit Inc,INTU
Intersections Inc,INTX
Innoviva Inc,INVA
Identiv Inc,INVE
Innerworkings Inc,INWK
Ionis Pharmaceutical,IONS
Innospec Inc,IOSP
Adesto Tech,IOTS
Iovance Biotherapeutics Inc,IOVA
Inter Parfums Inc,IPAR
Ipass Inc,IPAS
Infinity Property,IPCC
Intellipharmaceutics,IPCI
Professional Diversi,IPDN
Ipg Photonics Corp,IPGP
Innophos Hldngs Inc,IPHS
Ipic Entertainment Inc. Class A,IPIC
International Buyback Achievers PS,IPKW
Ideal Power Inc,IPWR
Impax Labs Inc,IPXL
Iqiyi Inc. ADR,IQ
Irobot Corp,IRBT
Irsa Propiedades Ads,IRCP
Iridium Comm Inc,IRDM
Iridex Cp,IRIX
Iradimed Cp,IRMD
If Bancorp Inc,IROQ
Irhythm Technologies Inc,IRTC
Ironwood Pharmaceuti,IRWD
Investors Bancorp,ISBC
Intl Speedway Cl A,ISCA
1-3 Year Intl Treas Bond Ishares,ISHG
Insignia Systems,ISIG
Image Sensing Syst,ISNS
Intuitive Surg Inc,ISRG
Innovative Sol&Sup,ISSC
Core Short-Term US Bond Ishares,ISTB
Investar Holding,ISTR
Intra-Cellular Ther,ITCI
Iteris Inc,ITI
Investors Title Co,ITIC
Itron Inc,ITRI
Ituran Location,ITRN
Itus Corp,ITUS
Universal Bond Ishares,IUSB
Core US Growth Ishares,IUSG
Core US Value ETF Ishares,IUSV
Intevac Inc,IVAC
Invuity Inc,IVTY
Ishares Core Total International Stock ETF,IXUS
Izea Inc,IZEA
Jack In The Box Inc,JACK
Jaguar Animal,JAGX
Jakks Pacific Inc,JAKK
Jason Indst,JASN
JA Solar Holdings,JASO
Jazz Pharma Plc,JAZZ
J B Hunt Transport,JBHT
Jetblue Airways Cp,JBLU
John B Sanfilippo,JBSS
J2 Global Inc,JCOM
Commun Systems Inc,JCS
Jd.Com Inc Ads,JD
J J Snack Foods,JJSF
Jack Henry & Assoc,JKHY
Ishares Mid-Cap Value ETF,JKI
Jamba Inc,JMBA
Wowo Ltd Ads,JMU
Jounce Therapeutics Inc,JNCE
Juniper Pharm Inc,JNP
51Job Inc,JOBS
Johnson Outdoors I,JOUT
China Finance Online,JRJC
James River Gp HD,JRVR
SLM Cp 6% Sr Nt,JSM
Janus Small/Midcap Growth ETF,JSMD
Jensyn Acq Cp Ut,JSYNU
Jetpay Corp,JTPY
Coffee Holding Co,JVA
Jacksonville Bncp,JXSB
The Joint Corp,JYNT
Kayne Anderson Acquisition Corp Unit,KAACU
Kala Pharmaceuticals Inc,KALA
Kaiser Aluminum,KALU
Kalvista Pharmaceuticals Inc,KALV
Ikang Healthcare ADR,KANG
Kimball Intl Cl B,KBAL
Kbl Merger Corp IV,KBLM
Kbs Fashion Gp Ltd,KBSF
KBW Bank Powershares,KBWB
KBW High Div Yld Financial Powershares,KBWD
KBW Prop & Casuality Insur Powershares,KBWP
KBW Regional Banking Powershares,KBWR
KBW Prem Yld Equity REIT Powershares,KBWY
Kcap Financial,KCAP
Kcap Financial Inc 6.125% Notes Due 2022,KCAPL
Kimball Electrnc,KE
Kelly Svcs Cl A,KELYA
Kewaunee Scientifi,KEQU
Keryx Biopharm Inc,KERX
Keyw Holding Corp,KEYW
Kentucky First Fed,KFFB
Kforce Inc,KFRC
Kingold Jewelry Inc,KGJI
Kraft Heinz Co,KHC
Orthopediatrics Corp,KIDS
Kindred Biosciences,KIN
Kingstone Cos Inc,KINS
Kirkland's Inc,KIRK
K L A-Tencor Corp,KLAC
Kulicke and Soffa,KLIC
Klx Inc,KLXI
Kamada Ltd,KMDA
Kempharm Inc,KMPH
Kandi Techs Grp,KNDI
Kinsale Capital Group Inc,KNSL
Kona Grill Inc,KONA
Kingtone Wirelessinf,KONE
Cesca Therapeutics I,KOOL
Kopin Cp,KOPN
Karyopharm Therapeut,KPTI
G-X Conscious Companies ETF,KRMA
Kornit Digital Ord,KRNT
Kearny Financial,KRNY
Krystal Biotech Inc,KRYS
Key Tronic Cp,KTCC
Kratos Defns,KTOS
Kitov Pharamceut Ads,KTOV
Kitov Pharamceuti WT,KTOVW
K2M Group Hldngs,KTWO
Kura Oncology,KURA
K V H Inds Inc,KVHI
Kazia Therapeutics Ltd,KZIA
Multi Color Cp,LABL
Lakeland Inds Inc,LAKE
Multi-Strategy Alternative PS,LALT
Lamar Advertis A,LAMR
Lancaster Colony Cor,LANC
Gladstone Land Corp,LAND
Gladstone Land Corp,LANDP
Landmark Bancorp Inc,LARK
Laureate Education Inc,LAUR
Lawson Products In,LAWS
Layne Christensen,LAYN
Lazydays Holdings Inc.,LAZY
Lakeland Bancorp Inc,LBAI
Luther Burbank Corporation,LBC
Long Blockchain Corp,LBCC
Leading Brands,LBIX
Liberty Broadbd A,LBRDA
Liberty Broadbd C,LBRDK
Liberty Global Ord A,LBTYA
Liberty Global Ord C,LBTYK
Landcadia Holdings Inc,LCA
Landcadia Holding Un,LCAHU
Landcadia Holdings Inc Warrant,LCAHW
Lcnb Corp,LCNB
Lifetime Brands Inc,LCUT
Ladderrite 0-5 Year Corporate Bond PS,LDRI
Lands' End Inc,LE
Lincoln Elec Hldg,LECO
Semileds Corp,LEDS
First Trust Indxx Innovative Transaction & Proce,LEGR
Presbia Plc Ord Shs,LENS
Liberty Expedia Holdings Inc,LEXEA
Littelfuse Inc,LFUS
Lifevantage Cp,LFVN
Legacy Reserves LP,LGCY
Legacy Resrvs Sr B,LGCYO
Legacy Resrvs Sr A,LGCYP
LGI Homes Inc,LGIH
Ligand Pharm,LGND
LHC Group Inc,LHCG
Atyr Pharma Inc,LIFE
Liberty Latin America Cl A,LILA
Liberty Latin America Cl C,LILAK
Lincoln Educational,LINC
Lindblad Expd Hld,LIND
Lindblad Expd WT,LINDW
Interlink Elctrnc,LINK
Liniu Technology Group,LINU
Fidelity Southern Cp,LION
Lumentum Hld,LITE
Live Ventures,LIVE
Livanova Plc Or Sh,LIVN
Livexlive Media Inc,LIVX
La Jolla Pharma,LJPC
Lakeland Finl Corp,LKFN
Flexshares Credit Scored US Long Corp,LKOR
LKQ Corp,LKQ
Lianluo Smart Ltd,LLIT
Limelight Networks,LLNW
Lemaitre Vascular,LMAT
Limbach Holdings Inc,LMB
Low Duration Opportunities ETF FT,LMBS
Lm Funding,LMFA
Limoneira Co,LMNR
Luminex Corp,LMNX
Landmark Cmn Units,LMRK
Landmark Infrastructure Partners LP,LMRKO
Landmark Inf Prf,LMRKP
Landec Cp,LNDC
G-X Longevity Thematic Et,LNGR
Lantheus Holdings,LNTH
Manhattan Bridge,LOAN
Live Oak Bancsh,LOB
El Pollo Loco,LOCO
Logitech Int S.A.,LOGI
Logmein Inc,LOGM
Lonestar Resources US Inc,LONE
Loop Industries Inc,LOOP
Grand Canyon Educati,LOPE
Loral Space Comm,LORL
Loxo Oncology CS,LOXO
Lipocine Inc,LPCN
Lpl Financial Hld,LPLA
Lifepoint Health,LPNT
Liveperson Inc,LPSN
Lightpath Tech Inc,LPTH
Leap Therapeutics Inc,LPTX
Liquidity Services,LQDT
Lrad Corp,LRAD
Lam Research Corp,LRCX
Lake Shore Bancorp,LSBK
Lattice Semicond,LSCC
Landstar System,LSTR
Liberty Srs XM CS A,LSXMA
Liberty Srs XM CS C,LSXMK
Lightbridge Corp,LTBR
Liberty Tripadv A,LTRPA
Lantronix Inc,LTRX
Legacytexas Fnl,LTXB
Lululemon Athletica,LULU
Luna Innovations Inc,LUNA
Legg Low Vol Hi Div ETF,LVHD
Lifeway Foods Inc,LWAY
Lexinfintech Holdings Ltd,LX
Lexicon Pharmaceutcl,LXRX
Dragon Victory Intl Ltd,LYL
L S I Industries I,LYTS
Merrimack Pharmaceuticals Inc,MACK
M I Acquisitions Inc,MACQ
Magal Security Syst,MAGS
Mam Software Gp,MAMS
Manhattan Assoc,MANH
Mantech Intl Cp A,MANT
Marriot Int Class A,MAR
Marathon Patent Grou,MARA
Remark Holdings Inc,MARK
Marine Petroleum U,MARPS
Masimo Corp,MASI
Mattel Inc,MAT
Mattersight Corp,MATR
Matthews Intl Corp,MATW
Mindbody Cls A,MB
MBS Bond Ishares,MBB
Middlefield Banc,MBCN
MB Financial Inc,MBFI
MB Financial Inc Dep Shs Repstg 1/40Th Int Sh No,MBFIO
Marrone Bio Innov,MBII
Merchants Bancorp,MBIN
Mustang Bio Inc,MBIO
Microbot Medical Inc,MBOT
Moleculin Biotech CS,MBRX
Flexshares Disciplined Duration MBS Index Fund,MBSD
Mbt Financial Corp,MBTF
Malibu Boats Cmn A,MBUU
Mabvax Therapeutics Holdings Inc,MBVX
Mercantile Bank Corp,MBWM
Macatawa Bank Corp,MCBC
Municipal CEF Income Opportunity ETF FT,MCEF
Mid-Con Energy Partn,MCEP
Mcbc Holdings,MCFT
China Index MSCI Ishares,MCHI
Microchip Technology,MCHP
Marchex Inc,MCHX
Seres Theraptc,MCRB
Monarch Casino,MCRI
Mongodb Inc Class A,MDB
Mdc Partners Cl A,MDCA
Medicines Co,MDCO
Madrigal Pharmaceuticals Inc,MDGL
Medigus Ltd Ads,MDGS
Multi-Asset Diversified Income Index Fund FT,MDIV
Mondelez Intl Cmn A,MDLZ
Allscripts Hlthcare,MDRX
Medidata Solutions,MDSO
Mediwound Ltd Ord Sh,MDWD
Mimedx Group Inc,MDXG
Medpace Holdings Inc,MEDP
The Meet Group,MEET
Mei Pharma Inc,MEIP
Mercadolibre Inc,MELI
Methanex Cp,MEOH
Mercer Intl Inc,MERC
Mesoblast Ltd Ads,MESO
Ramaco Resources Inc,METC
Medallion Fin Cp,MFIN
Medallion Fin Notes,MFINL
Mackinac Financial,MFNC
Mutualfirst Finl Inc,MFSF
Mge Energy Inc,MGEE
Miragen Therapeutics Inc,MGEN
Moneygram Intl,MGI
Magic Software Entpr,MGIC
Magellan Health,MGLN
Macrogenics,MGNX
MGP Ingredients Inc,MGPI
Mcgrath Rentcorp,MGRC
Magyar Bancorp Inc,MGYR
Maiden Holdings Ltd,MHLD
Micronet Enertec Tec,MICT
Micronet Enertec Wrt,MICTW
Middleby Corp,MIDD
The Michaels Comp,MIK
G-X Millennials Thematic ETF,MILN
Mimecast Limited Ord,MIME
Mitcham Industries Inc,MIND
Mitcham Industries Inc,MINDP
Mobile Mini Inc,MINI
Mitek Systems Inc,MITK
Mitel Networks Corp,MITL
Monaker Group Inc,MKGI
Mks Instruments Inc,MKSI
Marketaxess Holdings,MKTX
Mesa Labs Inc,MLAB
Melco Resorts & Entertainment,MLCO
Miller Herman Inc,MLHR
Melinta Therapeutics Inc,MLNT
Mellanox Technologies,MLNX
Malvern Bncp,MLVF
Mma Capital Mngt,MMAC
Modern Media Acquisition Corp,MMDM
Modern Media Acquisition Corp Right,MMDMR
Modern Media Acquisition Corp Unit,MMDMU
Modern Media Acquisition Corp Warrant,MMDMW
Martin Midstrm LP,MMLP
Merit Medical Sys,MMSI
Makemytrip Ltd,MMYT
Mind C.T.I. Ltd,MNDO
Magnegas Corp,MNGA
Mannkind Corp,MNKD
Menlo Therapeutics Inc.,MNLO
Medicinova Inc,MNOV
Monro Muffler Brak,MNRO
Monster Beverage Cp,MNST
Momenta Pharma,MNTA
Manitex Intl Inc,MNTX
Mobileiron Inc,MOBL
Midwestone Fnl Gp,MOFG
Momo Inc Ads,MOMO
Morningstar Inc,MORN
Mosys Inc,MOSY
Motus Gi Holdings Inc.,MOTS
Moxian Inc,MOXC
Motorcar Parts Amer,MPAA
Matlin & Partners Acquisition Corporation Class,MPAC
Matlin & Partners Acquisition Corporation Units,MPACU
Matlin & Partners Acquisition Corporation Warran,MPACW
Mid Penn Bancorp Inc,MPB
Ishares Global Impact ETF,MPCT
Mountain Prv Dmds,MPVD
Monolithic Power Sys,MPWR
Everspin Technologies Inc,MRAM
Meridian Bank,MRBK
Monroe Capital Corpo,MRCC
Mercury Sys Inc,MRCY
Meridian Waste Solutions Inc,MRDN
Marlin Business Serv,MRLN
Marinus Pharma CS,MRNS
Mersana Therapeutics Inc,MRSN
Marten Transport L,MRTN
Mirati Therapeutics,MRTX
Merus N.V. CS,MRUS
Marvell Tech Group,MRVL
MSB Financial,MSBF
Midland Sts BNC,MSBI
Microsemi Corp,MSCC
Middlesex Water Co,MSEX
Microsoft Corp,MSFT
Misonix Inc,MSON
Microstrategy Cl A,MSTR
Medical Transc Bl,MTBC
Mtbc 11% Sr A Prf ST,MTBCP
Match Group Inc CS,MTCH
Molecular Templates Inc,MTEM
Mannatech Inc,MTEX
Motif Bio Plc,MTFB
Motif Bio Plc Warrants To Purchase Adrs,MTFBW
American Cap Mtg Inv,MTGE
Amrcn Cap Mt Sr A PS,MTGEP
Materialise Nv Ads,MTLS
Midatech Pharma Ads,MTP
Matrix Service Co,MTRX
M T S Systems Cp,MTSC
Macom Technology S,MTSI
Mer Telemanagement Solutions Ltd,MTSL
Micron Technology,MU
Mudrick Capital Acquisition Corporation Unit,MUDSU
Mvb Financial Corp,MVBF
Microvision,MVIS
Maxim Integrated,MXIM
Maxwell Technologies,MXWL
Myriad Genetics Inc,MYGN
Mylan Nv Ord Shs,MYL
Mynd Analytics Inc,MYND
Mynd Analytics Inc Warrant,MYNDW
Myokardia Inc Cm ST,MYOK
Myos Rens Tech,MYOS
MYR Group Inc,MYRG
My Size Inc,MYSZ
Mazor Robotics Ads,MZOR
Natural Alternativ,NAII
Naked Brand Group CS,NAKD
Nanometrics Inc,NANO
Nanovibronix Inc,NAOV
Nathan's Famous In,NATH
Natl Instruments Cor,NATI
Nature S Sunshine,NATR
National American Un,NAUH
Navigators Grp Inc,NAVG
Navient Cp,NAVI
New Age Beverages Corp,NBEV
Neurocrine Bioscienc,NBIX
Northeast Bncp,NBN
Nabriva Therape Ads,NBRV
NBT Bancorp Inc,NBTB
Nicolet Bnkshr,NCBS
National Cinemedia,NCMI
Nucana Plc ADR,NCNA
National Commerce,NCOM
Ncs Multistage Holdings Inc,NCSM
The9 Ltd,NCTY
Nasdaq Inc,NDAQ
Noodles & Co Cla,NDLS
Endra Life Sciences Inc,NDRA
Nordson Corp,NDSN
Nebula Acquisition Corporation Warrant,NEBUW
Neogenomics Inc,NEO
Neogen Cp,NEOG
Neonode Inc,NEON
Neos Therapeutics,NEOS
Neptune Tech,NEPT
Minerva Neuroscie,NERV
National Energy Services Reunited Corp,NESR
National Energy Services Reunited Corp WT,NESRW
Net Element Inc,NETE
Newater Technology Inc Ordinary Shares,NEWA
Newtek Bus Svcs,NEWT
Newtek Business Services Corp. 6.25% Notes Due 2,NEWTI
Nextdecade Corp,NEXT
Northfield Bncrp Del,NFBK
NF Energy Saving Cor,NFEC
Netflix Inc,NFLX
National General Hld,NGHC
National General Holdings Corp,NGHCN
National Gnl Hld Ds,NGHCO
National Gen Srs A,NGHCP
National Gen Sub NTS,NGHCZ
Nanthealth Inc,NH
National Holdings,NHLD
National Holdings Corporation Warrants,NHLDW
Natural Hlth Trd,NHTC
Nice Ltd,NICE
Nicholas Fincl Inc,NICK
NII Holdings,NIHD
Nightstar Therapeutics Plc ADR,NITE
Nantkwest Inc CS,NK
Natl Bankshares Inc,NKSH
Nektar Therapeutics,NKTR
Newlink Genetics Cor,NLNK
Netlist Inc,NLST
Nmi Holdings Cmn A,NMIH
Nemaura Med Inc,NMRD
Newmark Group Inc Class A,NMRK
NN Inc,NNBR
Nano Dimension Ads,NNDM
Ni Holdings Inc,NODK
Novan Inc,NOVN
Novanta Inc,NOVT
National Resh Cla,NRCIA
Natl Research Cl B,NRCIB
Northrim Bancorp Inc,NRIM
Insight Enterpr,NSIT
Napco Sec Tech Inc,NSSC
Nanostring Tech,NSTG
Nortech Systems In,NSYS
Netapp Inc,NTAP
Netscout Systems I,NTCT
Intec Pharma Ord Shr,NTEC
Netease Inc Ads,NTES
Netgear Inc,NTGR
Northern Tech Inc,NTIC
Intellia Thera CS,NTLA
Nutanix Inc,NTNX
Natera Inc,NTRA
Nutrisystem Inc,NTRI
Neurotrope Inc,NTRP
Northern Trust Corp,NTRS
Northern TR Dep Shs,NTRSP
Netsol Tech Inc,NTWK
Nuance Communicatns,NUAN
Neurometrix Inc,NURO
Nuvasive Inc,NUVA
Novavax Inc,NVAX
Neovasc Inc,NVCN
Novocure Ltd Ord Sh,NVCR
Nvidia Corp,NVDA
Nve Corp,NVEC
Nv5 Global,NVEE
Nova Lifestyle Inc,NVFY
Invivo Theraptc,NVIV
Novelion Therapeutics Inc,NVLN
Nova Measuring Instr,NVMI
Novume Solutions Inc,NVMM
Nuvectra Corp Cmn ST,NVTR
Novus Therapeutics Inc,NVUS
Northwest Bancshares,NWBI
Norwood Financial Cp,NWFL
Natl Wstrn Life Gp A,NWLI
Northwest Pipe Co,NWPX
News Cp Cl B Cmn ST,NWS
News Cp Cl A Cmn ST,NWSA
Nexeo Solutions Inc,NXEO
Nxp Semiconductors,NXPI
Nexstar Broadcasting,NXST
Nxt-Id Inc,NXTD
Nxt-Id Inc Warrant,NXTDW
Nxstage Medical Inc,NXTM
New York Mtge Trust,NYMT
New York Mortgage Trust Inc 8.00% Series D,NYMTN
New York Mort 7.875,NYMTO
New York Mrtg 7.75 B,NYMTP
Nymox Pharm Corp,NYMX
Empire Resorts Inc,NYNY
Oasmia Pharmaceu Ads,OASM
Optibase Ltd,OBAS
Ocean Bio Chem Inc,OBCI
Obalon Therapeutics Inc,OBLN
Obseva Sa Ordinary Shares,OBSV
Optical Cable Corp,OCC
Oceanfirst Finl Corp,OCFC
Oclaro Inc,OCLR
Oaktree Strategic Income Corp,OCSI
Oaktree Specialty Lending Corp,OCSL
Oaktree Specialty Lending Corp 6.125 Sn,OCSLL
Ocular Therapeut,OCUL
Old Dominion Freig,ODFL
Office Depot,ODP
Odonate Therapeutics Inc,ODT
Orion Energy Syst,OESX
Oconee Fed Fin Corp,OFED
Orthofix Intl Nv,OFIX
Omega Flex Inc,OFLX
Ofs Capital Corporat,OFS
Oha Investmnt Cp,OHAI
One Horizon Grp,OHGI
Ohr Pharmceutial,OHRP
O2Micro Intl Ltd,OIIM
Okta Inc Class A,OKTA
Old Line Bancshs MD,OLBK
Long-Term Care ETF,OLD
Universal Display,OLED
Ollies Bargain CS,OLLI
Grupo Aeroportuario,OMAB
Omnicell Inc,OMCL
Oncomed Pharma,OMED
Omeros Corp,OMER
Odyssey Marine Expl,OMEX
Ominto Inc,OMNT
On Semiconductor,ON
Old National Bncp,ONB
Spark Therap,ONCE
Oncosec Medical,ONCS
Nasdaq Composite ETF,ONEQ
Oncobiologics Inc,ONS
Oncobiologics Inc,ONSIW
Onconova Therapeutic,ONTX
Organovo Holdings,ONVO
Opus Bank,OPB
Open Bank,OPBK
Opes Acquisition Corp.,OPES
Opes Acquisition Corp. Unit,OPESU
Opes Acquisition Corp. Wtarrant,OPESW
Opgen Inc,OPGN
Opgen Inc Warrant,OPGNW
Optimumbank Hldgs,OPHC
Ophthotech Corp,OPHT
Opko Health Inc,OPK
Opiant Pharmaceuticals Inc,OPNT
Old Point Finl Cp,OPOF
Optinose Inc,OPTN
Ocean Power Tech Inc,OPTT
Orbcomm Inc,ORBC
Orbotech Ltd,ORBK
Organics ETF,ORG
Orgenesis Inc,ORGS
Ocean Rig Udw Inc,ORIG
Oritani Financial,ORIT
O'Reilly Automotive,ORLY
Oramed Pharma,ORMP
Bioblast Pharma Ltd,ORPN
Orrstown Finl Svcs,ORRF
Old Second Bancorp,OSBC
O S I Systems Inc,OSIS
Ossen Innovation Co,OSN
Osprey Energy Acquisition Corp Class A,OSPR
One Stop Systems Inc.,OSS
Overstock.Com Inc,OSTK
Orasure Tech Inc,OSUR
Otelco Cl A,OTEL
Open Text Cp,OTEX
Otonomy Inc,OTIC
On Track Innovations,OTIV
Otter Tail Corp,OTTR
Ottawa Saving Bcp Il,OTTW
Ovascience,OVAS
Ohio Valley Banc Cp,OVBC
Ovid Therapeutics Inc,OVID
Oak Valley Bancp CA,OVLY
Oxbridge Ord Shrs,OXBR
Oxford Immunotec,OXFD
Oxford Lane Capital,OXLC
Oxford Lane Capital Corp Pfd Ser 2024,OXLCM
Oxford Lane Cap 7.5,OXLCO
Oxford Square Capital Corp.,OXSQ
Bank of The Ozarks,OZRK
Pan Amer Silver Corp,PAAS
Pacific Biosciences,PACB
Pacwest Bancorp,PACW
Global Agriculture PS,PAGG
Phibro Anl Htlh A,PAHC
Pangaea Logistics So,PANL
Patrick Inds Inc,PATK
Pavmed Inc,PAVM
Paychex Inc,PAYX
Pb Bancorp Inc,PBBI
People's United Finl,PBCT
Peoples Utd Finl Inc,PBCTP
Porter Bancorp Inc,PBIB
Prudential Bancorp,PBIP
Potbelly Corp,PBPB
Poage Bankshares Inc,PBSK
Puma Biotechnology,PBYI
Paccar Inc,PCAR
Potlatch Cp,PCH
PCM Inc,PCMI
Points Intl Ltd,PCOM
Pacira Pharm Inc,PCRX
Pcsb Financial Corp,PCSB
Pc-Tel Inc,PCTI
Paylocity Hldng Corp,PCTY
Park City Group,PCYG
Pure Cycle Corp,PCYO
DB Optimum Yield Dvsd Commodity Strate PS,PDBC
Pdc Energy Inc,PDCE
Patterson Companies,PDCO
Pro-Dex Inc New,PDEX
Pdf Solutions Inc,PDFS
Pdl Community Bancorp,PDLB
Pdl Biopharma Inc,PDLI
DWA Momentum Portfolio PS,PDP
Pdvwireless,PDVW
Peoples Bancorp Nc,PEBK
Peoples Bancorp Inc,PEBO
Pegasystems Inc,PEGA
Pattern Energy Cl A,PEGI
Pacific Ethanol Inc,PEIX
Penn Natl Gaming Inc,PENN
Pepsico Inc,PEP
Perion Network Ltd,PERI
Perry Ellis Int,PERY
Perma-Fix Envir,PESI
Petiq Inc Class A,PETQ
Petmed Express Inc,PETS
Aratana Theraptcs,PETX
Tdh Holdings Inc Common Shares,PETZ
High Yld Eqty Div Achievers Powershares,PEY
Dynamic Consumer Disc Powershares,PEZ
Preferred Bank La,PFBC
Premier Finl Bncp,PFBI
S&P US Preferred Stock Ishares,PFF
Principal Financial Group Inc,PFG
Dynamic Financials Powershares,PFI
Profire Energy,PFIE
P F Inds Inc A,PFIN
Peoples Finl Svcs Co,PFIS
Pennantpark Fltng Rt,PFLT
Dividend Achievers Powershares,PFM
Performant Financial,PFMT
Proofpoint Inc,PFPT
Pfsweb Inc,PFSW
Peapack Gladstone FI,PGC
Golden Dragon China Powershares ETF,PGJ
Pershing Gold,PGLC
Progenics Pharmaceut,PGNX
PHI Inc,PHII
PHI Inc Non-Voting,PHIIK
Water Resources Powershares,PHO
Impinj Inc,PI
Pico Holdings Inc,PICO
Intl Dividend Achievers Powershares,PID
DWA Emerging Markets Momentum Portfolio PS,PIE
1347 Property Ins,PIH
1347 Property Insurance Holdings Inc Pfd Ser A,PIHPP
Premier Inc Cl A,PINC
Global Water Powershares,PIO
Pieris Pharma,PIRS
Shiftpixy Inc,PIXY
DWA Developed Markets Momentum Portfolio PS,PIZ
Parke Bancorp Inc,PKBK
Park Ohio Hldg Cp,PKOH
Buyback Achievers Powershares,PKW
Photronics Inc,PLAB
Dave & Buster's Ente,PLAY
Plumas Bancorp,PLBC
Children's Place Inc,PLCE
Preformed Line Prd,PLPC
Pulse Biosciences CS,PLSE
Plug Power Inc,PLUG
Eplus Inc,PLUS
1-30 Laddered Treasury Powershares,PLW
Plx Pharma Inc,PLXP
Plexus Cp,PLXS
Playa Hotels & Resorts N.V. Ordinary Shares,PLYA
Pacific Mercantile,PMBC
Psychemedics,PMD
Pingtan Marine,PME
CPI Card Group,PMTS
Patriot Natl Bncp,PNBK
Pinnacle Finl Ptnrs,PNFP
Pinnacle Entmt,PNK
Pennantpark Investme,PNNT
Nasdaq Internet PS,PNQI
Pointer Telocation,PNTR
Insulet Corp,PODD
Polar Power Inc,POLA
Pool Corp,POOL
Pope Resource Uts,POPE
Power Integratn,POWI
Powell Inds Inc,POWL
Pacific Premier Bncp,PPBI
Pilgrim's Pride,PPC
Pharmaceutical Vaneck ETF,PPH
Perma-Pipe International Holdings Inc,PPIH
Pioneer Pwr Sol,PPSI
Pra Group Inc,PRAA
Pra Health,PRAH
Prana Bio Ltd Ads S1,PRAN
Perceptron Inc,PRCP
Perficient Inc,PRFT
US 1500 Powershares,PRFZ
Progress Software,PRGS
Prgx Global Inc,PRGX
Primoris Services Cp,PRIM
Parkervision Inc,PRKR
Primo Water Corporat,PRMW
Dynamic Industrials PS,PRN
Provident Financial,PROV
Prophase Labs Inc,PRPH
Purple Innovation Inc.,PRPL
Purple Innovation Inc. WT,PRPLW
Precipio Inc,PRPO
Proqr Therapeutics,PRQR
Providence Svc Cp,PRSC
Cafepress Inc,PRSS
Prothena Corp,PRTA
Paratek Pharma Inc,PRTK
Proteon Thera Com ST,PRTO
U.S. Auto Parts Netw,PRTS
Global Gold & Precious Metals Portfolio PS,PSAU
S&P Smallcap Consumer Staples PS,PSCC
S&P Smallcap Consumer Disc PS,PSCD
S&P Smallcap Energy PS,PSCE
S&P Smallcap Financials PS,PSCF
S&P Smallcap Health Care PS,PSCH
S&P Smallcap Industrials PS,PSCI
S&P Smallcap Materials PS,PSCM
S&P Smallcap Info Tech PS,PSCT
S&P Smallcap Utilities PS,PSCU
Presidio Inc,PSDO
Prospect Capital Cp,PSEC
Dynamic Consumer Staples Powershares,PSL
Pricesmart Inc,PSMT
Pluristem Therapeutc,PSTI
Ptc Inc,PTC
Ptc Therapeutics,PTCT
Patterson-Uti Energy,PTEN
Dynamic Technology Powershares,PTF
Protagonist Therapeutics Inc,PTGX
Dynamic Healthcare Powershares,PTH
Proteostasis Ther,PTI
Pain Therapeutics,PTIE
Portola Pharma,PTLA
Partner Comm Co Ltd,PTNR
P A M Transport Sv,PTSI
Pernix Theraptcs,PTX
Peoples Utah,PUB
Dynamic Utilities Powershares,PUI
Pulmatrix Inc,PULM
Penn Va Corp,PVAC
Provident Bancorp CS,PVBC
Penns Woods Bancorp,PWOD
Dynamic Energy Powershares,PXI
Pixelworks Inc,PXLW
Pyxis Tankers,PXS
Principal Shareholders Yield ETF,PY
Payment Data Syst,PYDS
Paypal Holdings,PYPL
Dynamic Basic Materials Powershares,PYZ
Papa John's Intl,PZZA
Qtec First Trust ETF,QABA
Qad Inc,QADA
Q A D Inc Cl B,QADB
Ishares Qatar Capped ETF,QAT
Qualstar Corp,QBAK
Nasdaq Clean Edge Green Energy Index Fund FT,QCLN
Qualcomm Inc,QCOM
Qcr Holdings Inc,QCRH
Quidel Cp,QDEL
Rba Quality Income ETF FT,QINC
Qiwi Plc ADR,QIWI
Flexshares US Quality Largecap,QLC
Qualys Inc,QLYS
Quinstreet Inc,QNST
Nasdaq-100 EW Index Fund FT,QQEW
Nasdaq QQQ ETF,QQQ
G-X Nasdaq China Tech ETF,QQQC
Nuveen Nasdaq 100,QQQX
Nasdaq-100 Ex-Tech Sector Indexsm Fund FT,QQXT
Quest Resource,QRHC
Liberty Int Qvc Sr A,QRTEA
Qorvo Inc,QRVO
Quality Systems Inc,QSII
Nasdaq-100 Technology Index Fund FT,QTEC
Quantenna Communications Inc,QTNA
Quotient Limited Ord,QTNT
Quarterhill Inc,QTRH
Quanterix Corporation,QTRX
Quicklogic Corp,QUIK
Qumu Corp,QUMU
Uniqure N.V.,QURE
Recon Nq-100 Covered Call ETF,QYLD
Rada Electr Inds Ltd,RADA
Freightcar America,RAIL
Rand Capital Cp,RAND
Ultragenyx Pharmaceu,RARE
Ra Pharmaceuticals Inc,RARX
Rave Restaurant Grp,RAVE
Raven Industries Inc,RAVN
Rbb Bancorp,RBB
Ribbon Communications Inc,RBBN
Republic Bancorp Inc,RBCAA
Rubicon Technology,RBCN
Reliant Bancorp Inc.,RBNC
Rent-A-Center Inc,RCII
Rocket Pharmaceuticals Inc.,RCKT
Rocky Brands Inc,RCKY
R1 Rcm Inc,RCM
R C M Tech Inc,RCMT
Recon Technology Ltd,RCON
Radcom Ltd,RDCM
Redfin Corp,RDFN
Redhill Biophrma ADR,RDHL
Reading Intl Cl A,RDI
Radnet Inc,RDNT
Radius Health,RDUS
Red Violet Inc.,RDVT
Rising Dividend Achievers ETF FT,RDVY
Radware Ltd,RDWR
Resources Connect,RECN
Rise Education Cayman Ltd ADR,REDU
Research Frontiers,REFR
Renewable Energy,REGI
Regeneron Pharmaceutical,REGN
Reis Inc,REIS
Richardson Electrncs,RELL
Reliv Intl Inc,RELV
Recro Pharma Inc,REPH
Resonant Inc,RESN
Reata Pharma Cla,RETA
Reto Eco-Solutions Inc Common Shares,RETO
Rex Energy Corporati,REXX
Riverfront Dyn Asia Pacific ETF FT,RFAP
Riverfront Dyn Developed Intl ETF FT,RFDI
Riverfront Dyn Emerging Markets ETF FT,RFEM
Riverfront Dyn Europe ETF FT,RFEU
RF Industries Ltd,RFIL
Rgc Resources Inc,RGCO
Repligen Cp,RGEN
Royal Gold Inc,RGLD
Regulus Therapeutics,RGLS
Regenxbio Inc,RGNX
Real Goods Solar Inc,RGSE
Ricebran Technologie,RIBT
RCI Hospitality Hold,RICK
Rigel Pharmaceutical,RIGL
B. Riley Financl,RILY
B. Riley Financial Inc 7.25% Senior Notes Due,RILYG
B. Riley Financial Inc,RILYL
B. Riley Financial Inc 7.50% Senior Notes Due,RILYZ
Global Gold Miners MSCI Ishares,RING
Riot Blockchain Inc,RIOT
Arcadia Bio,RKDA
Rlj Entertainment,RLJE
Smart Server Inc,RMBL
Rambus Inc,RMBS
Rocky Mt Chocolate,RMCF
Rmg Networks Holding,RMGN
Rimini Street Inc,RMNI
The Rmr Grp A,RMR
Rockwell Medical In,RMTI
Randolph Bancorp Inc,RNDB
First Trust Exchange-Traded Fund Vi First Trust,RNDM
First Trust Exchange-Traded Fund Vi First Trust,RNDV
Rignet Inc,RNET
First Trust Exchange-Traded Fund Vi First Trust,RNLC
First Trust Exchange-Traded Fund Vi Mid Cap US E,RNMC
First Trust Exchange-Traded Fund Vi First Trust,RNSC
Renasant Corp,RNST
Realnetworks Inc,RNWK
Global Robotics and Automation ETF,ROBO
FT Nasdaq Artificial Intelligence and Robotics E,ROBT
Gibraltar Ind Inc,ROCK
Retail Opp Invts Cp,ROIC
Roku Inc,ROKU
RBC Bearings Incorp,ROLL
Rosehill Resources Inc,ROSE
Rosetta Genomics Ltd,ROSG
Ross Stores Inc,ROST
Realpage Inc,RP
Rapid7 Inc,RPD
Rpx Corp,RPXC
Red Robin Gourm,RRGB
Rd Rock Rsrts Cla,RRR
Reshape Lifesciences Inc,RSLS
Radisys Cp,RSYS
Rti Surgical Inc,RTIX
Retrophin Inc,RTRX
Ritter Pharmac. Com,RTTR
Sunrun Inc,RUN
Rush Entpr Cl A,RUSHA
Rush Entpr Cl B,RUSHB
Ruth's Hospitality,RUTH
Revolution Lgt Tc,RVLT
Revance Therapeutics,RVNC
Riverview Bancorp,RVSB
Rewalk Roboti Ord Sh,RWLK
Rxi Pharmaceuticals,RXII
Rxi Pharmaceuticals Corporation Warrants Expirin,RXIIW
Ryanair Hldgs Plc,RYAAY
Rhythm Pharmaceuticals Inc,RYTM
Sabre Corp,SABR
Saexploration Hldgs,SAEX
Sanderson Farms In,SAFM
Safety Ins Group Inc,SAFT
Sage Therapeutic Com,SAGE
Saia Inc,SAIA
Salisbury Bancorp,SAL
Salem Media Grp Inc,SALM
Silvercrest Ast Cm A,SAMG
Sanmina Corp,SANM
S&W Seed Company,SANW
Sandy Spring Bancorp,SASR
Echostar Corp,SATS
Diversified Rstrt HD,SAUC
SBA Communications,SBAC
Strongbridge Bio Ord,SBBP
Sussex Bancorp,SBBX
Seacoast Banking Cp,SBCF
Sb Financial Group,SBFG
Sinclair Brdcst A,SBGI
Star Bulk Carriers,SBLK
Star Bulk Carriers Corp 8.30% Senior Notes Due,SBLKZ
Signature Bank,SBNY
Stellar Biotch Cm ST,SBOT
Spring Bank Ph CS,SBPH
Sabra REIT,SBRA
Sabra Hlthcare REIT,SBRAP
Southside Bancshares,SBSI
Sterling Bancorp Inc,SBT
Starbucks Corp,SBUX
Saban Capital Acquisition Corp Warrants,SCACW
Scholastic Cp,SCHL
Schnitzer Steel A,SCHN
Socket Mobile,SCKT
Superconductor Tech,SCON
SC Pharmaceuticals Inc,SCPH
Scansource Inc,SCSC
Shoe Carnival Inc,SCVL
Secureworks Corp CS,SCWX
Scynexis Inc,SCYX
Ishares EAFE Smallcap ETF,SCZ
FT Smid Cap Rising Dividend Achievers ETF,SDVY
Sea Change Intl In,SEAC
Secoo Holding ADR,SECO
Solaredge Tech,SEDG
Origin Agritech Limi,SEED
Sei Investments Co,SEIC
Sharing Economy International Inc.,SEII
Selecta Biosciences,SELB
Global Self Storage,SELF
Seneca Foods Cp A,SENEA
Synthesis Energy Sys,SES
Sound Financial,SFBC
Servisfirst Bancs,SFBS
Stitch Fix Inc,SFIX
Shutterfly Inc,SFLY
Sprouts Farmers Mark,SFM
Simmons First Natl,SFNC
Southern First Bancs,SFST
Sg Blocks Inc,SGBX
Superior Uniform Grp,SGC
Seattle Genetics Inc,SGEN
Smart Global Holdings Inc,SGH
Sigma Labs Inc,SGLB
Sigma Labs Inc Warrant,SGLBW
Sigmatron Intl Inc,SGMA
Sangamo Therapeutics,SGMO
Scientific Games,SGMS
Sgoco Group Ltd,SGOC
Spar Group Inc,SGRP
Surgery Partners CS,SGRY
Synergy Pharma,SGYP
Shore Bancshares Inc,SHBI
Shenandoah Telecom,SHEN
Seanergy Maritime Hl,SHIP
Sears Hldgs Corp,SHLD
Schulman A Inc,SHLM
Shiloh Inds Inc,SHLO
Steven Maddens Ltd,SHOO
Sears Hometown,SHOS
Shire Plc Ads,SHPG
Sharpspring Inc,SHSP
Short-Treasury Bond Ishares,SHV
1-3 Year Treasury Bond Ishares,SHY
Siebert Fin Cp,SIEB
Sientra Inc,SIEN
Si Financial Grp MD,SIFI
Sify Techs Ltd Ads,SIFY
Siga Technologies Inc,SIGA
Selective Ins Group,SIGI
Sigma Designs Inc,SIGM
Silicom Ltd,SILC
Silicon Motion Techn,SIMO
Sina Corp,SINA
Sino-Global Shipping,SINO
Select Income REIT,SIR
Sirius XM Holdings I,SIRI
Sito Mobile,SITO
Svb Financial Grp,SIVB
Peak Resorts,SKIS
Flexshares Credit Scored US Corp Bond,SKOR
Sky Solar Hold Ads,SKYS
Skywest Inc,SKYW
Cloud Computing ETF FT,SKYY
Silicon Labs Inc,SLAB
Select Bancorp Inc,SLCT
Solid Biosciences Inc.,SLDB
Sol-Gel Technologies Ltd.,SLGL
Silgan Holdings,SLGN
Obesity ETF,SLIM
SLM Corp,SLM
SLM Cp Srs B Pfd,SLMBP
Soleno Therapeutics Inc,SLNO
Simulations Plus Inc,SLP
0-5 Year Ivst Grade Corp Bond Ishares,SLQD
Solar Capital,SLRC
Sellas Life Sciences Group Inc.,SLS
CS X-Links Silver Share,SLVO
Southern Mo Bancorp,SMBC
Smartfinancial Cm ST,SMBK
Super Micro Computer,SMCI
Sharps Compliance,SMED
Schmitt Inds Inc,SMIT
Summit Financial Gp,SMMF
Summit Therapeu ADR,SMMT
The Simply Good Foods Company,SMPL
The Simply Good Foods Company Warrant,SMPLW
Stein Mart Inc,SMRT
Smith Micro Software,SMSI
Semtech Corp,SMTC
Smtc Corp,SMTX
Sleep Number Corporation,SNBR
Synchronoss Technolo,SNCR
Smart Sand Inc,SND
Sundance Energy Australia Ltd,SNDE
Syndax Pharma,SNDX
Senestech Inc,SNES
Security Natl Finl,SNFCA
Soligenix Inc,SNGX
Senior Housing Properties Trust,SNH
Senior Housing Properties Trust,SNHNI
Senior Housing Properties Trust,SNHNL
Sun Hydraulics Cor,SNHY
Pyxis/Iboxx Senior Loan ETF,SNLN
Senomyx Inc,SNMX
Sienna Biopharmaceuticals Inc,SNNA
Sonoma Pharmaceuticals Inc,SNOA
Synopsys Inc,SNPS
G-X Internet of Things Thematic ETF,SNSR
Sunesis Pharmaceutic,SNSS
G-X Social Media ETF,SOCL
Sodastream Int Ltd,SODA
Sonic Foundry Inc,SOFO
Sotherly Hotels,SOHO
Sotherly Hotels Inc 8.0% Series B Cumulative Re,SOHOB
Sotherly Hotels LP 7.25% Senior Unsecured Notes,SOHOK
Sotherly Hotels LP,SOHOO
Sohu.Com Inc,SOHU
Southern National Bk,SONA
Sonic Cp,SONC
Sorl Auto Parts Inc,SORL
Ishares PHLX Semiconductor ETF,SOXX
SP Plus Corp,SP
Spartan Motors Inc,SPAR
Supercom Ltd,SPCB
Spherix Inc,SPEX
Sophiris Bio,SPHS
Spi Energy Co Ads,SPI
Siliconware Pr Ads,SPIL
Spark Energy,SPKE
Spark Energy Inc,SPKEP
Splunk Inc,SPLK
Seaspine Holdings,SPNE
Sapiens Intl Cp Nv,SPNS
Spok Holdings Inc,SPOK
Spectrum Pharma Inc,SPPI
Spero Therapeutics Inc,SPRO
Support.Com Inc,SPRT
Sps Commerce Inc,SPSC
Spartannash Company,SPTN
Sportsman's Wareh,SPWH
Sunpower Corp,SPWR
Sequential Brands,SQBG
Ultrapro Short QQQ Proshares,SQQQ
Social Reality Inc,SRAX
1st Source Corp,SRCE
Stericycle Inc,SRCL
Stericycle Inc Deps,SRCLP
Surmodics Inc,SRDX
G-X Super Dividend REIT ETF,SRET
Servicesrce Intl Inc,SREV
Sorrento Therpt,SRNE
Sarepta Therapeutics,SRPT
Sierra Oncology Inc,SRRA
Sensus Healthcare Inc,SRTS
Sensus Healthcare Inc WT,SRTSW
South State Cp,SSB
Seven Stars Cloud Group Inc,SSC
Stewardship,SSFN
Strata Skin Scien,SSKN
Sslj.Com Limited Class A,SSLJ
SS&C Technologies,SSNC
Silver Standard Resources Inc,SSRM
Shotspotter Inc,SSTI
Stratasys Ltd,SSYS
Staar Surgical Co,STAA
Staffing 360 Solutions Inc.,STAF
Student Trnspt Inc,STB
S&T Bancorp Inc,STBA
State Bank Finl Corp,STBZ
Steel Connect Inc.,STCN
Steadymed Ltd Ord Sh,STDY
State Auto Finl Corp,STFC
Sunopta Inc,STKL
The One Group,STKS
Steel Dynamics Inc,STLD
Stellar Acquisition III Inc,STLR
Stellar Acquisition III Inc Warrants,STLRW
Stemline Therapeutic,STML
Stamps.Com Inc,STMP
Ipath US Treas Steepener ETN,STPP
Strayer Education,STRA
Sterling Constructio,STRL
Streamline Health So,STRM
Stratus Pptys Inc,STRS
Strattec Security,STRT
Seagate Tech Ord Shs,STX
Summer Infant Inc,SUMR
Solar Senior Capital,SUNS
Sunworks Inc,SUNW
Supernus Pharm,SUPN
Ishares Trust Ishares ESG 1-5 Year USD Corporate,SUSB
Ishares Trust Ishares ESG USD Corporate Bond ETF,SUSC
Sinovac Biotech Ltd,SVA
Severn Bancorp Inc,SVBI
Savara Inc,SVRA
Firsthand Technology,SVVC
Alps ETF Trust Alps/Dorsey Wright Sector Moment,SWIN
Sierra Wireless In,SWIR
Skyworks Solutions,SWKS
Stock Yards Bancorp,SYBT
Synlogic Inc,SYBX
Sykes Enterprises,SYKE
Symantec Corp,SYMC
Synaptics Inc,SYNA
Synacor Inc,SYNC
Syneos Health Inc.,SYNH
Synalloy Cp,SYNL
Syntel Inc,SYNT
Sypris Solutions,SYPR
Syros Pharmaceuticals,SYRS
Travelcenters of America Llc,TA
Del Taco Rest,TACO
Del Taco Rest Wts,TACOW
Transact Tech Inc,TACT
Taitron Components,TAIT
Tantech Holdings,TANH
Travelcenters of America Llc,TANNI
Travelcenters of America Llc,TANNL
Travelcenters of America Llc,TANNZ
Barclays Inverse US Treasury Aggt ETN,TAPR
Carrols Rstrnt Group,TAST
T A T Tech Ltd,TATT
Liberty Tax Cl A,TAX
Taylor Devices Inc,TAYD
The Bancorp Inc,TBBK
Triumph Bancorp,TBK
Territorial Bancorp,TBNK
Theravance Bio Ord,TBPH
Texas Capital Bncsh,TCBI
Texas Cap 6.5 Sr NTS,TCBIL
Texas Capital,TCBIP
Trico Bancshares,TCBK
Technical Commctn Cp,TCCO
The Community Fin Cp,TCFC
The Carlyle Group LP,TCGP
Tactile Systems Technology Inc,TCMD
Tracon Pharma,TCON
TCP Capital Corp,TCPC
THL Credit Inc,TCRD
Tucows Inc Cl A,TCX
Nasdaq Technology Dividend Index Fund FT,TDIV
Atlassian Cls A Ord,TEAM
Tech Data Cp,TECD
Bio-Techne Cp,TECH
Tarena Intl ADR,TEDU
Tellurian Inc New,TELL
Tenax Therapeutics,TENX
Terraform Power Inc,TERP
Tessco Tech Inc,TESS
Tfs Financial Corp,TFSL
Transglobe Energy Cp,TGA
Tecogen Inc,TGEN
Tecnoglass Inc,TGLS
Tg Therapeuticscmn,TGTX
First Finl Corp [In],THFF
Gentherm Inc,THRM
Truett Hurst Cl A Co,THST
Tiberius Acquisition Corporation Units,TIBRU
Tigenix Nv,TIG
Interface Inc,TILE
Tiptree Fncl Cl A,TIPT
Top Image Systems,TISA
Titan Machinery Inc,TITN
Tivo Corp,TIVO
Tandy Leather Fctry,TLF
Teligent,TLGT
Talend S.A.,TLND
20 Year Bond Ishares,TLT
T-Mobile US,TMUS
Telenav Inc,TNAV
Tandem Diabetes Care,TNDM
Tintri Inc,TNTR
Tonix Pharm Hldg,TNXP
Tocagen Inc,TOCA
Top Ships Inc,TOPS
Restorbio Inc.,TORC
Tuniu Corporatio Ads,TOUR
Towne Bank,TOWN
Tpi Composites Inc,TPIC
Tapimmune Inc,TPIV
Ultrapro QQQ Proshares,TQQQ
Two River Bncrp,TRCB
Torchlight Energy,TRCH
Lendingtree Inc,TREE
Tabula Rasa Healthcare Inc,TRHC
Trinity Bio ADR,TRIB
Trillium Therapeutic,TRIL
Tripadvisor Inc,TRIP
Trimble Navigation,TRMB
Trustmark Corp,TRMK
Tremont Mortgage Trust Common Shares of Benefici,TRMT
Tronc Inc,TRNC
Transcat Inc,TRNS
Trovagene Inc,TROV
T Rowe Price Group,TROW
Therapix Biosciences Ltd,TRPX
Trimas Corp,TRS
Trustco Bank Corp NY,TRST
Truecar Inc,TRUE
Trupanion Inc,TRUP
Trivago Nv,TRVG
Trevena Inc,TRVN
Timberland Bancorp,TSBK
Tristate Capital Hld,TSC
Tristate Capital Holdings Inc Dep Shs Repstg 1/4,TSCAP
Tractor Supply Co,TSCO
Tower Semiconductor,TSEM
The Stars Group Inc,TSG
Tesla Inc,TSLA
T S R Inc,TSRI
Tesaro Inc,TSRO
Thestreet Inc,TST
Trade Desk Inc,TTD
Teletech Hldgs,TTEC
Tetra Tech Inc,TTEK
Techtarget Inc,TTGT
TTM Technologies I,TTMI
Titan Pharma,TTNP
T2 Biosystems CS,TTOO
Tetraphase Pharmaceu,TTPH
Tile Shop Hldgs,TTS
Take-Two Interacti,TTWO
Tuesday Morning Co,TUES
Turkey Index MSCI Ishares,TUR
180 Degree Capital Corp,TURN
Total US Market Alphadex ETF FT,TUSA
Mammoth Energy Services Inc,TUSK
VS 2X VIX Short Term,TVIX
VS 2X VIX Mid Term,TVIZ
Tivity Health,TVTY
Twin Disc Inc,TWIN
Trans World Entert,TWMC
Hostess Brands Inc,TWNK
Gores Holdings Warr,TWNKW
2U Inc,TWOU
Therapeuticsmd Inc,TXMD
Texas Instruments,TXN
Texas Roadhouse Inc,TXRH
Shineco Inc,TYHT
Tyme Technologies,TYME
Monotype Imag. Hold.,TYPE
Travelzoo Inc,TZOO
Ishares UAE Capped ETF,UAE
United Bncp Inc,UBCP
United Security Bcsh,UBFO
Ultrapro Biotechnology Proshares,UBIO
United Fin Bncp New,UBNK
Ubiquiti Networks I,UBNT
United Bancshares,UBOH
Union Bankshares Cp,UBSH
United Bkshs Inc,UBSI
United Comm Banks,UCBI
United Community Fnl,UCFC
Ultra Clean Holdings,UCTT
Universal Elect In,UEIC
Net 1 Ueps Techs Inc,UEPS
United Fire Group I,UFCS
Universal Forest Prd,UFPI
U F P Tech Inc,UFPT
United Guardian Inc,UG
VS 3X Gold,UGLD
A M E R C O,UHAL
United Insurance Hld,UIHC
Ultralife Corp,ULBI
Universal Logis Hldg,ULH
Ulta Salon Cosmetic,ULTA
Ultimate Software,ULTI
Ump Financial Corp,UMBF
Umpqua Holdings Corp,UMPQ
Unum Therapeutics Inc.,UMRX
Union Bankshares Inc,UNB
United Nat Foods I,UNFI
Uniti Group Inc,UNIT
Unity Bancorp Inc,UNTY
Urban One Inc,UONE
Urban One Inc,UONEK
Ultra Petroleum Corp,UPL
Upland Software Inc,UPLD
Urban Outfitters Inc,URBN
Urogen Pharma Ltd Ordinary Shares,URGN
U S A Truck Inc,USAK
Universal Stainles,USAP
USA Technologies Inc,USAT
USA Technologies Pfd,USATP
U.S. Gold Corp,USAU
U S Concrete Inc,USCR
U S Energy Corp,USEG
Russell 1000 Low Beta Equal Weight PS,USLB
U S Lime & Mineral,USLM
VS 3X Silver,USLV
Principal U.S. Mega-Cap Multi-Factor Index ETF,USMC
United Therapeutic,UTHR
Utah Medical Prod,UTMD
Utstarcom Holdings C,UTSI
Univest Corp of Penn,UVSP
Value Line Inc,VALU
Validea Market Legends ETF,VALX
Village Bank & Trust,VBFC
Vbi Vaccines Inc CS,VBIV
Vascular Biogen. Ord,VBLT
Veritex Holdings,VBTX
Visteon Corp,VC
Vericel Corproation,VCEL
Interm Corp Bond Vanguard,VCIT
Long-Term Corp Bond Vanguard,VCLT
Sht-Term Corp Bond Vanguard,VCSH
Victory Capital Holdings Inc. Class A Common ST,VCTR
Veracyte Inc,VCYT
Vasco Data Security,VDSI
Videocon D2H Ltd Ads,VDTH
Vantage Energy Acquisition Corp Unit,VEACU
Vantage Energy Acquisition Corp Wt.,VEACW
Veeco Instrument,VECO
Veon Ltd,VEON
Veritone Inc,VERI
Veru Inc,VERU
Interm Govt Bond Vanguard,VGIT
Long-Term Govt Bond Vanguard,VGLT
Sht-Term Govt Bond Vanguard,VGSH
Viacom Inc Cl A,VIA
Viacom Inc Cl B,VIAB
Viavi Solutions,VIAV
Vical Incorporated,VICL
Vicor Cp,VICR
Intl Div Appreciation ETF Vanguard,VIGI
VS VIX Short Term,VIIX
VS VIX Mid Term,VIIZ
Virco MFG Cp,VIRC
Virtu Financial Cm A,VIRT
Viveve Medical,VIVE
Meridian Bioscience,VIVO
Viking Thera,VKTX
Viking Theraptcs Wts,VKTXW
Village Super Mkt,VLGEA
Valeritas Holdings Inc,VLRX
Mortgage-Backed Securities Vanguard,VMBS
Vanda Pharmaceutical,VNDA
21Vianet Group Inc,VNET
Viper Energy LP,VNOM
Global Ex-US Real Estate Vanguard,VNQI
Vodafone Grp Plc Ads,VOD
Russell 1000 Vanguard,VONE
Russell 1000 Growth Vanguard,VONG
Russell 1000 Value Vanguard,VONV
Voxx Intl Corp,VOXX
Vera Bradley,VRA
Viewray Inc Cm ST,VRAY
Varex Imaging Corp,VREX
Variable Rate Investment Grade Portolio PS,VRIG
Vermillion Inc,VRML
Verona Pharma Plc ADR,VRNA
Varonis Systems Inc,VRNS
Verint Systems Inc,VRNT
Verisk Analytics Inc,VRSK
Verisign Inc,VRSN
Virtus Inv Prts,VRTS
Virtus Investment Partners Inc Mandatory Pfd Con,VRTSP
Virtusa Corp,VRTU
Vertex Pharmaceutic,VRTX
Versartis Inc,VSAR
Viasat Inc,VSAT
V S E Cp,VSEC
Verastem Inc,VSTM
Vanguard Total Corporate Bond ETF,VTC
Vistagen Therap. Com,VTGN
Russell 3000 Vanguard,VTHR
Sht-Term Infl Protected Vanguard,VTIP
Vital Therapies Inc,VTL
Vertex Energy,VTNR
Virtra Systems Inc,VTSI
Vtv Theraptcs Cl A,VTVT
Russell 2000 Growth Vanguard,VTWG
Russell 2000 Vanguard,VTWO
Russell 2000 Value Vanguard,VTWV
Vuzix Corp,VUZI
Vivopower International Plc Ordinary Shares,VVPR
Vivus Inc,VVUS
EM Govt Bond Vanguard,VWOB
Vaxart Inc.,VXRT
Total Intl Stock ETF Vanguard,VXUS
Voyager Therapeut,VYGR
Intl High Divd Yld ETF Vanguard,VYMI
Westamerica Bancorp,WABC
Washington Federal,WAFD
Washington TR Bncorp,WASH
Energous Corp,WATT
Weibo Corp Ads,WB
Walgreens Boots Alliance,WBA
Workday Inc,WDAY
Western Digital Cp,WDC
W D 40 Co,WDFC
Web.Com Group Inc,WEB
Wellesley Bncp Inc,WEBK
Wendys Company,WEN
Werner Enterprise,WERN
Wisdomtree Invstmnts,WETF
Weyco Gp Inc,WEYS
Whitehorse Finance,WHF
Whitehorse Fin Sr Nt,WHFBL
Wilhelmina Intl,WHLM
Wheeler Real Estate,WHLR
Wheeler Real Estate Investment Trust Inc,WHLRD
Wheeler REIT B Pfd,WHLRP
Wheeler REIT Wts,WHLRW
Boingo Wireless Inc,WIFI
G Willi-Food Intl,WILC
Windstream Hldgs Inc,WIN
Winmark Corp,WINA
Wingstop Inc,WING
Wins Finance Holdings Inc,WINS
Encore Wire Cp,WIRE
Wix.Com Ltd,WIX
Workhorse Grp Cmn ST,WKHS
Westmoreland Coal,WLB
Willdan Group Inc,WLDN
Willis Lease Fin C,WLFC
Willis Towers Wts,WLTW
Wright Med Grp Nv,WMGI
Wmih Corp,WMIH
Western New England Bancorp Inc,WNEB
Ishares Global Timber & Forestry ETF,WOOD
Westport Fuel Systems Inc,WPRT
World Acceptance Cp,WRLD
Pensare Acquisition Corp,WRLS
Pensare Acquisition Corp 1/10 Stk,WRLSR
Pensare Acquisition Corp Unit,WRLSU
Wesbanco Inc,WSBC
Waterstone Financial,WSBF
Willscot Corp,WSC
Wsi Industries Inc,WSCI
Willscot Corp WT,WSCWW
WSFS Financial Corp,WSFS
Wayside Technology,WSTG
Westell Technologies,WSTL
West Bancorporation,WTBA
Wintrust Finl Corp,WTFC
Wintrust Fin Pref D,WTFCM
Wave Life Sci Ord Sh,WVE
Willamette Valley,WVVI
Woodward Inc,WWD
Westwater Resources,WWR
Wynn Resorts Ltd,WYNN
Xenetic Biosciences Inc,XBIO
Xbiotech Inc,XBIT
Xcerra Corp,XCRA
XCEL Energy Inc,XEL
Exela Technologies Inc,XELA
XCEL Brands,XELB
Xenon Pharmace Cm Sh,XENE
Intersect Ent,XENT
XG Technology Icmn,XGTI
Xilinx Inc,XLNX
Acceleron Pharma,XLRN
Xencor Inc,XNCR
Xunlei Limited ADR,XNET
Extraction Oil & Gas Inc,XOG
Xoma Corp,XOMA
The Exone Company,XONE
Xperi Corp,XPER
Xplore Tech Corp De,XPLR
Dentsply Sirona Inc,XRAY
Xpresspa Group Inc.,XSPA
Ishares Exponential Technologies,XT
Xtl Biopharma Ads,XTLB
US Intl Multi-Asset Div Income Index Fund FT,YDIV
Yulong Eco-Mtls Ord,YECO
Youngevity International Inc,YGYI
Yintech Investm Ads,YIN
G-X Yieldco Index ETF,YLCO
Yandex N.V.,YNDX
Yogaworks Inc,YOGA
York Water Co,YORW
YRC Worldwide,YRCW
Yangtze River Port and Logistics Ltd.,YRIV
Yield10 Bioscience Inc,YTEN
Yatra Online Inc Ordinary Shares,YTRA
YY Inc,YY
Zillow Group Cl C,Z
Zagg Inc,ZAGG
Zais Group Hld A,ZAIS
Ultrapro Short Biotechnology Proshares,ZBIO
Zebra Technologies,ZBRA
Zealand Pharma A/S ADR,ZEAL
Olympic Steel Inc,ZEUS
Zafgen Inc,ZFGN
Zillow Grp Inc Cl A,ZG
Zogenix Inc,ZGNX
Zions Bancorporation,ZION
Zions Bncrp Wts,ZIONW
Ziopharm Oncology In,ZIOP
VS -1X VIX Mid Term,ZIV
Zix Corp,ZIXI
Zk International Group Co. Ltd Ordinary Share,ZKIN
Zai Lab Ltd,ZLAB
Zion Oil & Gas Inc,ZN
Zynga Inc Cl A,ZNGA
Zscaler Inc.,ZS
Zosano Pharma,ZSAN
Zumiez Inc,ZUMZ
Zynerba Pharma CS,ZYNE
